contact_id,email,first_name,last_name,email
4661,cecilia.velasco@rodrigues.fr,Cecilia,Velasco,cecilia.velasco@rodrigues.fr
3765,mariana.ellis@rossi.org,Mariana,Ellis,mariana.ellis@rossi.org
4187,sofie.woods@riviere.com,Sofie,Woods,sofie.woods@riviere.com
4941,jeanette.iannotti@yahoo.com,Jeanette,Iannotti,jeanette.iannotti@yahoo.com
2199,samuel.sorgatz@gmail.com,Samuel,Sorgatz,samuel.sorgatz@gmail.com
5650,socorro.luna@hotmail.com,Socorro,Luna,socorro.luna@hotmail.com
5889,carolina.murray@knight.com,Carolina,Murray,carolina.murray@knight.com
4842,kayla.moon@yahoo.de,Kayla,Moon,kayla.moon@yahoo.de
3280,ariadna.geisel@rangel.com,Ariadna,Geisel,ariadna.geisel@rangel.com
5468,danielle.ladeck@scalfaro.net,Danielle,Ladeck,danielle.ladeck@scalfaro.net
3064,tatiana.thompson@hunt.net,Tatiana,Thompson,tatiana.thompson@hunt.net
4904,caleb.benavides@rubio.com,Caleb,Benavides,caleb.benavides@rubio.com
1299,sandra.hardy@web.de,Sandra,Hardy,sandra.hardy@web.de
5602,lotti.morris@yahoo.co.uk,Lotti,Morris,lotti.morris@yahoo.co.uk
5753,reinhilde.white@voila.fr,Reinhilde,White,reinhilde.white@voila.fr
4495,kerry.patel@hutchinson.com,Kerry,Patel,kerry.patel@hutchinson.com
4269,sophie.antoine@andersen.com,Sophie,Antoine,sophie.antoine@andersen.com
2226,martha.girard@web.de,Martha,Girard,martha.girard@web.de
1558,stephanie.king@cervantes.com,Stephanie,King,stephanie.king@cervantes.com
2307,amanda.palmer@didier.fr,Amanda,Palmer,amanda.palmer@didier.fr
2900,lina.alcala@vespa.net,Lina,Alcala,lina.alcala@vespa.net
5695,itzel.murphy@muelichen.de,Itzel,Murphy,itzel.murphy@muelichen.de
5708,filippo.parry@live.com,Filippo,Parry,filippo.parry@live.com
1663,katelyn.cole@fiebig.com,Katelyn,Cole,katelyn.cole@fiebig.com
3605,brian.novak@ford.net,Brian,Novak,brian.novak@ford.net
4678,cilly.gay@callegaro.it,Cilly,Gay,cilly.gay@callegaro.it
2251,yolanda.snyder@gmx.de,Yolanda,Snyder,yolanda.snyder@gmx.de
6202,evelin.odonnell@ibarra.net,Evelin,Odonnell,evelin.odonnell@ibarra.net
3715,ingeborg.alba@hotmail.com,Ingeborg,Alba,ingeborg.alba@hotmail.com
4242,marina.madrid@galarza-alba.com,Marina,Madrid,marina.madrid@galarza-alba.com
4326,sheila.goodwin@yahoo.com,Sheila,Goodwin,sheila.goodwin@yahoo.com
5560,valeria.rich@turchetta-mondadori.it,Valeria,Rich,valeria.rich@turchetta-mondadori.it
4002,dustin.camacho@rhodes.org.au,Dustin,Camacho,dustin.camacho@rhodes.org.au
3813,amalia.marenzio@grupo.com,Amalia,Marenzio,amalia.marenzio@grupo.com
5336,gian.long@hotmail.com,Gian,Long,gian.long@hotmail.com
4994,stewart.hunt@anderson-vargas.biz,Stewart,Hunt,stewart.hunt@anderson-vargas.biz
1471,greca.ruiz@carr.co.uk,Greca,Ruiz,greca.ruiz@carr.co.uk
4482,gerald.olivera@outlook.com,Gerald,Olivera,gerald.olivera@outlook.com
3241,jaqueline.wallace@gmail.com,Jaqueline,Wallace,jaqueline.wallace@gmail.com
3477,john.lane@gregoire.fr,John,Lane,john.lane@gregoire.fr
2265,pero.joly@bernard.net,Pero,Joly,pero.joly@bernard.net
5911,chad.turner@gmail.com,Chad,Turner,chad.turner@gmail.com
2288,adam.zavala@guichard.fr,Adam,Zavala,adam.zavala@guichard.fr
4064,tyler.rivera@guajardo-ozuna.com,Tyler,Rivera,tyler.rivera@guajardo-ozuna.com
1294,jens.graham@jones-buckley.com,Jens,Graham,jens.graham@jones-buckley.com
5008,virginia.caetani@sosa.biz,Virginia,Caetani,virginia.caetani@sosa.biz
3604,martino.wagner@laposte.net,Martino,Wagner,martino.wagner@laposte.net
3263,martin.meyer@davis.co.uk,Martin,Meyer,martin.meyer@davis.co.uk
5631,marguerite.walls@martinez.fr,Marguerite,Walls,marguerite.walls@martinez.fr
2851,peter.vogt@yahoo.com,Peter,Vogt,peter.vogt@yahoo.com
3714,nicholas.christian@hotmail.de,Nicholas,Christian,nicholas.christian@hotmail.de
1664,susi.steinberg@preiss.com,Susi,Steinberg,susi.steinberg@preiss.com
5027,tammy.ramazzotti@gmail.com,Tammy,Ramazzotti,tammy.ramazzotti@gmail.com
3070,abdul.thomas@vasari.com,Abdul,Thomas,abdul.thomas@vasari.com
4248,justin.luxardo@googlemail.com,Justin,Luxardo,justin.luxardo@googlemail.com
2034,antonio.gibson@faust.net,Antonio,Gibson,antonio.gibson@faust.net
4085,jeremy.gomez@oconnor.org,Jeremy,Gomez,jeremy.gomez@oconnor.org
3569,raymond.solorzano@gmail.com,Raymond,Solorzano,raymond.solorzano@gmail.com
3889,flora.harris@hotmail.com.au,Flora,Harris,flora.harris@hotmail.com.au
3136,cheryl.boyd@segni.it,Cheryl,Boyd,cheryl.boyd@segni.it
2103,rhys.leiva@gmx.de,Rhys,Leiva,rhys.leiva@gmx.de
2329,mariano.prieto@vodafone.it,Mariano,Prieto,mariano.prieto@vodafone.it
3325,laurie.fibonacci@gmail.com,Laurie,Fibonacci,laurie.fibonacci@gmail.com
3131,david.rudolph@nelson.com,David,Rudolph,david.rudolph@nelson.com
4995,bryan.ross@yahoo.com,Bryan,Ross,bryan.ross@yahoo.com
3631,ubaldo.brown@philippe.com,Ubaldo,Brown,ubaldo.brown@philippe.com
5373,clelia.faulkner@hotmail.com,Clelia,Faulkner,clelia.faulkner@hotmail.com
3126,sara.erickson@yahoo.de,Sara,Erickson,sara.erickson@yahoo.de
2194,rupert.valle@filogamo.it,Rupert,Valle,rupert.valle@filogamo.it
2906,puccio.kitzmann@yahoo.com,Puccio,Kitzmann,puccio.kitzmann@yahoo.com
2611,thomas.hutchinson@gmx.de,Thomas,Hutchinson,thomas.hutchinson@gmx.de
2374,abelardo.castro@gmail.com,Abelardo,Castro,abelardo.castro@gmail.com
3254,greco.walker@yahoo.com,Greco,Walker,greco.walker@yahoo.com
3571,miranda.lacombe@longoria-vanegas.net,Miranda,Lacombe,miranda.lacombe@longoria-vanegas.net
2812,diana.schuchhardt@libero.it,Diana,Schuchhardt,diana.schuchhardt@libero.it
3961,stacey.knox@corporacin.com,Stacey,Knox,stacey.knox@corporacin.com
3872,glen.faivre@yahoo.com,Glen,Faivre,glen.faivre@yahoo.com
4736,andrew.torres@ruiz-torres.org,Andrew,Torres,andrew.torres@ruiz-torres.org
5119,denny.fritz@despacho.biz,Denny,Fritz,denny.fritz@despacho.biz
5725,martyn.caldera@hotmail.co.uk,Martyn,Caldera,martyn.caldera@hotmail.co.uk
4037,abigail.foster@taylor.net,Abigail,Foster,abigail.foster@taylor.net
2109,anthony.hauffer@tlustek.org,Anthony,Hauffer,anthony.hauffer@tlustek.org
3283,roger.gerlach@may-mitchell.co.uk,Roger,Gerlach,roger.gerlach@may-mitchell.co.uk
6181,christopher.poirier@hotmail.com,Christopher,Poirier,christopher.poirier@hotmail.com
3251,branka.traore@jacobi.com,Branka,Traore,branka.traore@jacobi.com
3443,briana.etienne@bishop-coates.com,Briana,Etienne,briana.etienne@bishop-coates.com
2988,brandon.olson@prince-moreno.net,Brandon,Olson,brandon.olson@prince-moreno.net
1673,celia.ungaretti@fox.com,Celia,Ungaretti,celia.ungaretti@fox.com
2085,barbara.guibert@casares-sanches.com,Barbara,Guibert,barbara.guibert@casares-sanches.com
1672,daniela.bell@vollbrecht.org,Daniela,Bell,daniela.bell@vollbrecht.org
4426,phyllis.gurule@rodriguez-pham.com,Phyllis,Gurule,phyllis.gurule@rodriguez-pham.com
3211,alejandra.joseph@escalante-abrego.biz,Alejandra,Joseph,alejandra.joseph@escalante-abrego.biz
3190,giulio.bohlander@dbmail.com,Giulio,Bohlander,giulio.bohlander@dbmail.com
2081,amber.weller@toso.eu,Amber,Weller,amber.weller@toso.eu
3185,mary.etzold@conrad-harrison.com,Mary,Etzold,mary.etzold@conrad-harrison.com
5044,amy.georges@raedel.de,Amy,Georges,amy.georges@raedel.de
1883,jennifer.giraud@yahoo.com,Jennifer,Giraud,jennifer.giraud@yahoo.com
2067,rosie.peltier@voila.fr,Rosie,Peltier,rosie.peltier@voila.fr
4604,oreste.ward@proyectos.com,Oreste,Ward,oreste.ward@proyectos.com
3203,luis.edwards@live.com,Luis,Edwards,luis.edwards@live.com
5758,fiona.griffiths@curatoli-verdone.it,Fiona,Griffiths,fiona.griffiths@curatoli-verdone.it
5755,sally.raya@tarchetti.it,Sally,Raya,sally.raya@tarchetti.it
5150,carolyn.charpentier@hotmail.de,Carolyn,Charpentier,carolyn.charpentier@hotmail.de
4181,nathalie.alvarez@live.com,Nathalie,Alvarez,nathalie.alvarez@live.com
3006,abril.lowery@novak.net,Abril,Lowery,abril.lowery@novak.net
4865,ottone.sullivan@hussain-kaur.com,Ottone,Sullivan,ottone.sullivan@hussain-kaur.com
2862,esmeralda.sollima@visintini.it,Esmeralda,Sollima,esmeralda.sollima@visintini.it
60702,silvia.gierschner@tele2.it,Silvia,Gierschner,silvia.gierschner@tele2.it
5300,kyle.cunningham@voila.fr,Kyle,Cunningham,kyle.cunningham@voila.fr
3486,anel.carpentier@klein-joseph.org,Anel,Carpentier,anel.carpentier@klein-joseph.org
5989,sarah.davis@david.com,Sarah,Davis,sarah.davis@david.com
2849,luke.klein@hotmail.com,Luke,Klein,luke.klein@hotmail.com
1612,gudrun.mueller@dillon-fuller.info,Gudrun,Mueller,gudrun.mueller@dillon-fuller.info
3307,melissa.canali@libero.it,Melissa,Canali,melissa.canali@libero.it
5288,gabrielle.ayala@hotmail.com,Gabrielle,Ayala,gabrielle.ayala@hotmail.com
6026,laura.buckley@ryan.org,Laura,Buckley,laura.buckley@ryan.org
2212,wilfrido.lorch@leclerc.fr,Wilfrido,Lorch,wilfrido.lorch@leclerc.fr
4591,robert.bruder@manzoni.com,Robert,Bruder,robert.bruder@manzoni.com
2771,phillip.soliz@outlook.com,Phillip,Soliz,phillip.soliz@outlook.com
5682,alex.smith@fournier.fr,Alex,Smith,alex.smith@fournier.fr
5368,jessica.martinez@salieri.com,Jessica,Martinez,jessica.martinez@salieri.com
3706,kelly.carter@hotmail.com.au,Kelly,Carter,kelly.carter@hotmail.com.au
4034,ahmad.sosa@gmail.com,Ahmad,Sosa,ahmad.sosa@gmail.com
3209,toralf.iglesias@borrego.com,Toralf,Iglesias,toralf.iglesias@borrego.com
2384,irene.anichini@yahoo.com,Irene,Anichini,irene.anichini@yahoo.com
3074,alicia.cainero@yahoo.com,Alicia,Cainero,alicia.cainero@yahoo.com
2031,tracey.laboy@bell.biz,Tracey,Laboy,tracey.laboy@bell.biz
5873,donald.reynaud@green.edu.au,Donald,Reynaud,donald.reynaud@green.edu.au
5501,venancio.stadelmann@gmx.de,Venancio,Stadelmann,venancio.stadelmann@gmx.de
3489,seth.olivier@yahoo.com,Seth,Olivier,seth.olivier@yahoo.com
4210,dennis.boaga@gmx.de,Dennis,Boaga,dennis.boaga@gmx.de
6151,pedro.wilson@outlook.com,Pedro,Wilson,pedro.wilson@outlook.com
6047,roland.weihmann@gmail.com,Roland,Weihmann,roland.weihmann@gmail.com
5445,hector.morrison@web.de,Hector,Morrison,hector.morrison@web.de
5493,evangelos.peters@sanchez.net,Evangelos,Peters,evangelos.peters@sanchez.net
6036,gerardo.hamilton@libero.it,Gerardo,Hamilton,gerardo.hamilton@libero.it
2368,meta.cuzzocrea@howard-jensen.org,Meta,Cuzzocrea,meta.cuzzocrea@howard-jensen.org
1501,alma.raymond@tin.it,Alma,Raymond,alma.raymond@tin.it
4351,kathleen.solimena@wallace.biz,Kathleen,Solimena,kathleen.solimena@wallace.biz
3096,zacharie.cordier@gmail.com,Zacharie,Cordier,zacharie.cordier@gmail.com
6162,riza.techer@yahoo.com,Riza,Techer,riza.techer@yahoo.com
1433,enrique.guillen@hotmail.co.uk,Enrique,Guillen,enrique.guillen@hotmail.co.uk
2720,tristan.weeks@pena.com,Tristan,Weeks,tristan.weeks@pena.com
5251,natalie.lerma@boucher.com,Natalie,Lerma,natalie.lerma@boucher.com
1797,rodney.hamon@hotmail.com,Rodney,Hamon,rodney.hamon@hotmail.com
1656,adalberto.lombardo@sfr.fr,Adalberto,Lombardo,adalberto.lombardo@sfr.fr
1346,florencia.querini@gmail.com,Florencia,Querini,florencia.querini@gmail.com
2989,liam.rolland@yahoo.fr,Liam,Rolland,liam.rolland@yahoo.fr
5629,ian.kelly@reeves.com.au,Ian,Kelly,ian.kelly@reeves.com.au
3456,mehdi.todd@web.de,Mehdi,Todd,mehdi.todd@web.de
3229,rembrandt.liguori@davis.org,Rembrandt,Liguori,rembrandt.liguori@davis.org
2277,irmi.schweitzer@ozuna.com,Irmi,Schweitzer,irmi.schweitzer@ozuna.com
1276,gioffre.stein@hotmail.com.au,Gioffre,Stein,gioffre.stein@hotmail.com.au
3694,frida.villarreal@hotmail.de,Frida,Villarreal,frida.villarreal@hotmail.de
2260,steffen.mangold@paul.net,Steffen,Mangold,steffen.mangold@paul.net
5374,elias.marin@herve.net,Elias,Marin,elias.marin@herve.net
4420,roman.gonzalez@anderson.net,Roman,Gonzalez,roman.gonzalez@anderson.net
3849,reina.middleton@hotmail.com,Reina,Middleton,reina.middleton@hotmail.com
1638,sandro.moran@hotmail.de,Sandro,Moran,sandro.moran@hotmail.de
5230,gebhard.thanel@gmail.com,Gebhard,Thanel,gebhard.thanel@gmail.com
1763,antonino.bolander@gmail.com,Antonino,Bolander,antonino.bolander@gmail.com
4323,karl.trevisani@anguissola.it,Karl,Trevisani,karl.trevisani@anguissola.it
5256,silvester.brookes@franco.org,Silvester,Brookes,silvester.brookes@franco.org
4836,octavio.pratt@web.de,Octavio,Pratt,octavio.pratt@web.de
5981,rebecca.greer@hotmail.com,Rebecca,Greer,rebecca.greer@hotmail.com
1463,pierina.gaggini@free.fr,Pierina,Gaggini,pierina.gaggini@free.fr
4577,robin.schleich@rogers-barrera.biz,Robin,Schleich,robin.schleich@rogers-barrera.biz
4951,sergio.abbott@moore.net.au,Sergio,Abbott,sergio.abbott@moore.net.au
3567,gilberto.evans@salcedo-archuleta.net,Gilberto,Evans,gilberto.evans@salcedo-archuleta.net
5475,james.elliott@gmail.com,James,Elliott,james.elliott@gmail.com
2114,timoteo.bolnbach@laboratorios.com,Timoteo,Bolnbach,timoteo.bolnbach@laboratorios.com
5216,tonino.stanley@hotmail.com,Tonino,Stanley,tonino.stanley@hotmail.com
1665,margaretha.murialdo@meunier.com,Margaretha,Murialdo,margaretha.murialdo@meunier.com
6051,bianca.drubin@libero.it,Bianca,Drubin,bianca.drubin@libero.it
3983,kaylee.hoffmann@poulain.com,Kaylee,Hoffmann,kaylee.hoffmann@poulain.com
2966,teresa.vecellio@yahoo.com,Teresa,Vecellio,teresa.vecellio@yahoo.com
4478,emine.tacchini@dbmail.com,Emine,Tacchini,emine.tacchini@dbmail.com
4238,dawn.cortez@gmail.com,Dawn,Cortez,dawn.cortez@gmail.com
4404,emily.cundari@clark.com.au,Emily,Cundari,emily.cundari@clark.com.au
5666,eleanor.hall@hotmail.com,Eleanor,Hall,eleanor.hall@hotmail.com
3691,monique.delgadillo@hotmail.co.uk,Monique,Delgadillo,monique.delgadillo@hotmail.co.uk
2703,arnaude.warner@gmail.com,Arnaude,Warner,arnaude.warner@gmail.com
4253,jason.howell@gmx.de,Jason,Howell,jason.howell@gmx.de
5652,nicole.mccullough@hall.com,Nicole,Mccullough,nicole.mccullough@hall.com
3279,rosmarie.esquibel@bouygtel.fr,Rosmarie,Esquibel,rosmarie.esquibel@bouygtel.fr
3233,leonor.ferreira@gmail.com,Leonor,Ferreira,leonor.ferreira@gmail.com
3017,brett.jones@alice.it,Brett,Jones,brett.jones@alice.it
3482,nino.bien@gmail.com,Nino,Bien,nino.bien@gmail.com
2166,jemma.tate@hotmail.de,Jemma,Tate,jemma.tate@hotmail.de
4146,denis.rogers@poste.it,Denis,Rogers,denis.rogers@poste.it
2651,vanesa.khan@voila.fr,Vanesa,Khan,vanesa.khan@voila.fr
1409,victoria.ojeda@doehn.com,Victoria,Ojeda,victoria.ojeda@doehn.com
3717,eugenio.martin@yahoo.de,Eugenio,Martin,eugenio.martin@yahoo.de
3963,nancy.hayes@hotmail.com,Nancy,Hayes,nancy.hayes@hotmail.com
2152,lara.jacob@buckley.org,Lara,Jacob,lara.jacob@buckley.org
2974,gino.hernandez@covarrubias.com,Gino,Hernandez,gino.hernandez@covarrubias.com
1268,vicente.tijerina@montanariello.com,Vicente,Tijerina,vicente.tijerina@montanariello.com
1822,michele.brambilla@yahoo.com,Michele,Brambilla,michele.brambilla@yahoo.com
5066,dana.ritacca@gmail.com,Dana,Ritacca,dana.ritacca@gmail.com
5075,mitchell.bachmann@suarez-cruz.com,Mitchell,Bachmann,mitchell.bachmann@suarez-cruz.com
3855,vincenza.key@adams.com,Vincenza,Key,vincenza.key@adams.com
5923,salvador.gaillard@yahoo.de,Salvador,Gaillard,salvador.gaillard@yahoo.de
1867,diane.rogner@kelly.co.uk,Diane,Rogner,diane.rogner@kelly.co.uk
4376,josette.laine@saracino-parisi.net,Josette,Laine,josette.laine@saracino-parisi.net
2785,courtney.fiebig@doerschner.com,Courtney,Fiebig,courtney.fiebig@doerschner.com
5884,hugues.oliver@stiffel.com,Hugues,Oliver,hugues.oliver@stiffel.com
2441,espartaco.willis@hotmail.com,Espartaco,Willis,espartaco.willis@hotmail.com
1243,flavia.yoder@hotmail.de,Flavia,Yoder,flavia.yoder@hotmail.de
3411,casey.flores@baggio.org,Casey,Flores,casey.flores@baggio.org
2467,calogero.cross@mercantini.it,Calogero,Cross,calogero.cross@mercantini.it
1850,charles.begum@laboratorios.info,Charles,Begum,charles.begum@laboratorios.info
2604,adina.pollard@outlook.com,Adina,Pollard,adina.pollard@outlook.com
1693,natasha.lara@outlook.com,Natasha,Lara,natasha.lara@outlook.com
2969,benita.pottier@sfr.fr,Benita,Pottier,benita.pottier@sfr.fr
1544,elizabeth.valdivia@gmail.com,Elizabeth,Valdivia,elizabeth.valdivia@gmail.com
4149,mattia.huet@aol.de,Mattia,Huet,mattia.huet@aol.de
3463,geza.howard@voila.fr,Geza,Howard,geza.howard@voila.fr
2939,lauren.guillaume@sorgatz.org,Lauren,Guillaume,lauren.guillaume@sorgatz.org
2202,joanna.baxter@bruce-wright.com,Joanna,Baxter,joanna.baxter@bruce-wright.com
1728,tracy.metz@bryant.info,Tracy,Metz,tracy.metz@bryant.info
5362,birgit.pena@armellini.it,Birgit,Pena,birgit.pena@armellini.it
4840,elvira.papafava@ifrance.com,Elvira,Papafava,elvira.papafava@ifrance.com
2955,ernest.delorme@dowerg.de,Ernest,Delorme,ernest.delorme@dowerg.de
5354,christy.grossi@alarcon-tafoya.com,Christy,Grossi,christy.grossi@alarcon-tafoya.com
3847,hermelinda.olmos@portillo.com,Hermelinda,Olmos,hermelinda.olmos@portillo.com
3025,herbert.fraser@holloway.org.au,Herbert,Fraser,herbert.fraser@holloway.org.au
1615,giancarlo.heydrich@hotmail.com,Giancarlo,Heydrich,giancarlo.heydrich@hotmail.com
5154,constance.maldonado@spiess.net,Constance,Maldonado,constance.maldonado@spiess.net
5005,giampiero.carlier@hotmail.com,Giampiero,Carlier,giampiero.carlier@hotmail.com
1349,carlo.jacquot@hotmail.com,Carlo,Jacquot,carlo.jacquot@hotmail.com
3670,gabriel.robles@yahoo.com,Gabriel,Robles,gabriel.robles@yahoo.com
2912,gerd.gunpf@gmail.com,Gerd,Gunpf,gerd.gunpf@gmail.com
4336,ashley.hellwig@libero.it,Ashley,Hellwig,ashley.hellwig@libero.it
5576,patrick.rosas@yahoo.com,Patrick,Rosas,patrick.rosas@yahoo.com
2736,lilla.leonard@jungfer.com,Lilla,Leonard,lilla.leonard@jungfer.com
3321,tony.nicolas@morrocco-seddio.net,Tony,Nicolas,tony.nicolas@morrocco-seddio.net
3353,allegra.benedetti@miller.com,Allegra,Benedetti,allegra.benedetti@miller.com
2336,camille.tafuri@aol.de,Camille,Tafuri,camille.tafuri@aol.de
4369,juan.wheeler@gilmore.net,Juan,Wheeler,juan.wheeler@gilmore.net
4464,leopoldo.johnson@hotmail.com.au,Leopoldo,Johnson,leopoldo.johnson@hotmail.com.au
56262,dietmar.grenier@tele2.it,Dietmar,Grenier,dietmar.grenier@tele2.it
1669,leonid.scholl@collin.com,Leonid,Scholl,leonid.scholl@collin.com
5544,olivie.contarini@marshall-wright.biz,Olivie,Contarini,olivie.contarini@marshall-wright.biz
6078,jeffery.lacroix@medina.org,Jeffery,Lacroix,jeffery.lacroix@medina.org
2580,edeltraud.chavez@hotmail.com.au,Edeltraud,Chavez,edeltraud.chavez@hotmail.com.au
3592,mesut.morvan@gmail.com,Mesut,Morvan,mesut.morvan@gmail.com
4914,gregory.jackson@ortiz.com,Gregory,Jackson,gregory.jackson@ortiz.com
3848,nicola.rossi@berry.org,Nicola,Rossi,nicola.rossi@berry.org
2619,eddie.collazo@gmail.com,Eddie,Collazo,eddie.collazo@gmail.com
4605,philippe.gardner@howells-jones.net,Philippe,Gardner,philippe.gardner@howells-jones.net
6147,roy.fox@tejeda.com,Roy,Fox,roy.fox@tejeda.com
1383,heiderose.garcia@noos.fr,Heiderose,Garcia,heiderose.garcia@noos.fr
1757,claudine.rowley@industrias.com,Claudine,Rowley,claudine.rowley@industrias.com
4390,astrid.roht@fastwebnet.it,Astrid,Roht,astrid.roht@fastwebnet.it
4165,auguste.burnett@yahoo.fr,Auguste,Burnett,auguste.burnett@yahoo.fr
4529,pellegrino.allen@gmail.com,Pellegrino,Allen,pellegrino.allen@gmail.com
6084,angela.bowers@laboratorios.com,Angela,Bowers,angela.bowers@laboratorios.com
2916,michael.descamps@gmail.com,Michael,Descamps,michael.descamps@gmail.com
2005,heidelore.kennedy@guinizzelli.org,Heidelore,Kennedy,heidelore.kennedy@guinizzelli.org
2261,lucrezia.koch@petit.com,Lucrezia,Koch,lucrezia.koch@petit.com
5342,ivan.accardo@web.de,Ivan,Accardo,ivan.accardo@web.de
4087,karen.avogadro@yahoo.com,Karen,Avogadro,karen.avogadro@yahoo.com
2761,laetitia.gallet@aubry.org,Laetitia,Gallet,laetitia.gallet@aubry.org
2908,amico.gosselin@shaw.info,Amico,Gosselin,amico.gosselin@shaw.info
2155,ilaria.bowen@hotmail.it,Ilaria,Bowen,ilaria.bowen@hotmail.it
5642,marlen.coardi@colletti.eu,Marlen,Coardi,marlen.coardi@colletti.eu
6217,rafael.alexander@jenkins.com,Rafael,Alexander,rafael.alexander@jenkins.com
4222,herma.gabbana@hotmail.com,Herma,Gabbana,herma.gabbana@hotmail.com
4798,zachary.vespucci@industrias.com,Zachary,Vespucci,zachary.vespucci@industrias.com
5660,marisol.richard@gmail.com,Marisol,Richard,marisol.richard@gmail.com
5000,joseph.glover@laposte.net,Joseph,Glover,joseph.glover@laposte.net
2809,lauretta.neal@hotmail.de,Lauretta,Neal,lauretta.neal@hotmail.de
3349,simone.sauvage@yahoo.com,Simone,Sauvage,simone.sauvage@yahoo.com
3647,ramona.brooks@kensy.de,Ramona,Brooks,ramona.brooks@kensy.de
5745,gioele.schwital@moody.com,Gioele,Schwital,gioele.schwital@moody.com
2583,elena.jimenez@yahoo.com.au,Elena,Jimenez,elena.jimenez@yahoo.com.au
5441,pam.vargas@guillot.net,Pam,Vargas,pam.vargas@guillot.net
2090,alison.morales@lewis.com,Alison,Morales,alison.morales@lewis.com
3386,marc.aumann@holland.com,Marc,Aumann,marc.aumann@holland.com
1816,carla.butler@yahoo.com,Carla,Butler,carla.butler@yahoo.com
4718,dionigi.bruce@industrias.com,Dionigi,Bruce,dionigi.bruce@industrias.com
1677,frank.henry@yahoo.com,Frank,Henry,frank.henry@yahoo.com
4218,brent.pons@proyectos.net,Brent,Pons,brent.pons@proyectos.net
4548,patricia.liebelt@baca.org,Patricia,Liebelt,patricia.liebelt@baca.org
1431,micheletto.sykes@thompson-thompson.com,Micheletto,Sykes,micheletto.sykes@thompson-thompson.com
2830,rose.blanc@grupo.com,Rose,Blanc,rose.blanc@grupo.com
4400,vincent.singh@gmail.com,Vincent,Singh,vincent.singh@gmail.com
5773,jamie.peacock@interiano-nordio.com,Jamie,Peacock,jamie.peacock@interiano-nordio.com
4161,giorgia.dijoux@paul.com,Giorgia,Dijoux,giorgia.dijoux@paul.com
2062,serena.piacentini@yahoo.de,Serena,Piacentini,serena.piacentini@yahoo.de
3458,dimitri.posada@gmail.com,Dimitri,Posada,dimitri.posada@gmail.com
3174,alexa.barillaro@ramos.net,Alexa,Barillaro,alexa.barillaro@ramos.net
5565,megan.kuhl@despacho.com,Megan,Kuhl,megan.kuhl@despacho.com
1906,kaitlyn.farinelli@outlook.com,Kaitlyn,Farinelli,kaitlyn.farinelli@outlook.com
5479,jonathan.castellitto@libero.it,Jonathan,Castellitto,jonathan.castellitto@libero.it
4320,lisa.terragni@proyectos.com,Lisa,Terragni,lisa.terragni@proyectos.com
4213,olivier.petrucelli@letta-raurica.eu,Olivier,Petrucelli,olivier.petrucelli@letta-raurica.eu
3373,jos.trobbiani@samson.com,Jos,Trobbiani,jos.trobbiani@samson.com
4184,mirjam.dawson@yahoo.com,Mirjam,Dawson,mirjam.dawson@yahoo.com
5472,javier.tessier@mclaughlin.biz,Javier,Tessier,javier.tessier@mclaughlin.biz
5559,mirjana.collins@hotmail.com,Mirjana,Collins,mirjana.collins@hotmail.com
5419,vanessa.tschentscher@mitchell.com,Vanessa,Tschentscher,vanessa.tschentscher@mitchell.com
4171,antonina.cobb@gibson.org,Antonina,Cobb,antonina.cobb@gibson.org
1302,bernard.durand@royer.com,Bernard,Durand,bernard.durand@royer.com
3520,corey.greggio@johnson.org.au,Corey,Greggio,corey.greggio@johnson.org.au
6010,rodolfo.couturier@tim.it,Rodolfo,Couturier,rodolfo.couturier@tim.it
4617,pierre.cardenas@luzi-bonomo.eu,Pierre,Cardenas,pierre.cardenas@luzi-bonomo.eu
1417,romeo.surian@batista.com,Romeo,Surian,romeo.surian@batista.com
4770,ivo.moreno@hotmail.com,Ivo,Moreno,ivo.moreno@hotmail.com
4328,federico.marie@jourdan.fr,Federico,Marie,federico.marie@jourdan.fr
5171,maggie.boito@yahoo.com,Maggie,Boito,maggie.boito@yahoo.com
4394,brianna.hanson@stanley.com,Brianna,Hanson,brianna.hanson@stanley.com
1794,heiko.bourgeois@togliatti.com,Heiko,Bourgeois,heiko.bourgeois@togliatti.com
3510,benito.gritti@gmail.com,Benito,Gritti,benito.gritti@gmail.com
2487,mitzy.junk@zaragoza.com,Mitzy,Junk,mitzy.junk@zaragoza.com
2215,samantha.lowe@praga.it,Samantha,Lowe,samantha.lowe@praga.it
4136,ernesto.nerger@middleton.co.uk,Ernesto,Nerger,ernesto.nerger@middleton.co.uk
3723,melinda.canova@orange.fr,Melinda,Canova,melinda.canova@orange.fr
5842,mohammad.hartung@hotmail.com,Mohammad,Hartung,mohammad.hartung@hotmail.com
3289,ben.maillot@ramos.net,Ben,Maillot,ben.maillot@ramos.net
1249,isabel.pruschke@gmail.com,Isabel,Pruschke,isabel.pruschke@gmail.com
5409,linda.franceschi@richards.net,Linda,Franceschi,linda.franceschi@richards.net
2951,olivia.striebitz@gmail.com,Olivia,Striebitz,olivia.striebitz@gmail.com
3432,penny.watson@matthews.net,Penny,Watson,penny.watson@matthews.net
2297,manfred.james@davies.org,Manfred,James,manfred.james@davies.org
6161,hazel.pierce@outlook.com,Hazel,Pierce,hazel.pierce@outlook.com
4603,alf.bates@dunn.com,Alf,Bates,alf.bates@dunn.com
5818,scott.gough@industrias.com,Scott,Gough,scott.gough@industrias.com
4270,konrad.briones@fierro.com,Konrad,Briones,konrad.briones@fierro.com
6007,mathilde.kruschwitz@yahoo.com,Mathilde,Kruschwitz,mathilde.kruschwitz@yahoo.com
4084,irma.gemito@googlemail.com,Irma,Gemito,irma.gemito@googlemail.com
1340,antoine.guyon@yahoo.com,Antoine,Guyon,antoine.guyon@yahoo.com
5675,william.gibilisco@gaillard.com,William,Gibilisco,william.gibilisco@gaillard.com
2010,judith.butte@fischer-vaughn.info,Judith,Butte,judith.butte@fischer-vaughn.info
6201,joanne.henderson@gmail.com,Joanne,Henderson,joanne.henderson@gmail.com
1791,ludovica.arellano@morandi-argento.com,Ludovica,Arellano,ludovica.arellano@morandi-argento.com
3314,catherine.gray@hotmail.com,Catherine,Gray,catherine.gray@hotmail.com
5852,franco.fioravanti@barry-gill.com.au,Franco,Fioravanti,franco.fioravanti@barry-gill.com.au
4618,heather.zimmer@bluemel.de,Heather,Zimmer,heather.zimmer@bluemel.de
2618,hortense.taylor@chambers.biz,Hortense,Taylor,hortense.taylor@chambers.biz
4967,livia.ernst@colas.fr,Livia,Ernst,livia.ernst@colas.fr
4594,toby.etzler@industrias.com,Toby,Etzler,toby.etzler@industrias.com
2080,ennio.leoncavallo@sanchez.org,Ennio,Leoncavallo,ennio.leoncavallo@sanchez.org
2793,philippine.vaca@hotmail.com,Philippine,Vaca,philippine.vaca@hotmail.com
4890,rhonda.phillips@yahoo.com,Rhonda,Phillips,rhonda.phillips@yahoo.com
3528,alphonse.nitto@voila.fr,Alphonse,Nitto,alphonse.nitto@voila.fr
5810,karina.arreola@yahoo.com.au,Karina,Arreola,karina.arreola@yahoo.com.au
5720,denise.wood@mantegna.com,Denise,Wood,denise.wood@mantegna.com
4593,burghard.rosenow@hotmail.com,Burghard,Rosenow,burghard.rosenow@hotmail.com
3186,friedl.powell@laposte.net,Friedl,Powell,friedl.powell@laposte.net
5136,benjamin.schultz@rivero-davila.com,Benjamin,Schultz,benjamin.schultz@rivero-davila.com
2646,rachel.ulibarri@schueler.com,Rachel,Ulibarri,rachel.ulibarri@schueler.com
3460,silvano.blanchet@yahoo.com,Silvano,Blanchet,silvano.blanchet@yahoo.com
4345,kurt.sauer@almanza.biz,Kurt,Sauer,kurt.sauer@almanza.biz
2690,nayeli.gehringer@hotmail.com,Nayeli,Gehringer,nayeli.gehringer@hotmail.com
4025,imelda.guerin@stumpf.net,Imelda,Guerin,imelda.guerin@stumpf.net
4524,zbigniew.holmes@stiffel.net,Zbigniew,Holmes,zbigniew.holmes@stiffel.net
3978,adela.alfonsi@despacho.com,Adela,Alfonsi,adela.alfonsi@despacho.com
3910,hilary.clark@libero.it,Hilary,Clark,hilary.clark@libero.it
5825,kornelius.molina@heuser.com,Kornelius,Molina,kornelius.molina@heuser.com
3564,christian.anderson@tim.it,Christian,Anderson,christian.anderson@tim.it
2396,francisco.dorsey@tiscali.fr,Francisco,Dorsey,francisco.dorsey@tiscali.fr
2140,walli.albert@dussen.com,Walli,Albert,walli.albert@dussen.com
3079,siegrun.mota@matthews-montoya.org.au,Siegrun,Mota,siegrun.mota@matthews-montoya.org.au
2017,alberico.herve@beer.net,Alberico,Herve,alberico.herve@beer.net
5444,serafina.bonnin@mendes.com,Serafina,Bonnin,serafina.bonnin@mendes.com
2216,marcelle.bender@edwards-robinson.info,Marcelle,Bender,marcelle.bender@edwards-robinson.info
1241,hartmuth.robertson@thomas.edu.au,Hartmuth,Robertson,hartmuth.robertson@thomas.edu.au
1484,herlinde.george@free.fr,Herlinde,George,herlinde.george@free.fr
3475,pamela.payne@yahoo.com,Pamela,Payne,pamela.payne@yahoo.com
4333,gastone.beyer@stewart-sanchez.edu,Gastone,Beyer,gastone.beyer@stewart-sanchez.edu
5657,lydia.berengario@aol.de,Lydia,Berengario,lydia.berengario@aol.de
25272,lucy.davidson@tele2.it,Lucy,Davidson,lucy.davidson@tele2.it
5967,franck.wade@gute.org,Franck,Wade,franck.wade@gute.org
5698,heidi.barker@gmail.com,Heidi,Barker,heidi.barker@gmail.com
3331,arnaldo.ocasio@hotmail.com,Arnaldo,Ocasio,arnaldo.ocasio@hotmail.com
3841,francis.bernier@rodriguez.com,Francis,Bernier,francis.bernier@rodriguez.com
6105,johanne.strong@yahoo.de,Johanne,Strong,johanne.strong@yahoo.de
3895,debra.langlois@schmiedecke.com,Debra,Langlois,debra.langlois@schmiedecke.com
1891,reingard.kambs@sagese.eu,Reingard,Kambs,reingard.kambs@sagese.eu
1281,mauro.ortiz@oquendo.net,Mauro,Ortiz,mauro.ortiz@oquendo.net
4186,griselda.carranza@krause.de,Griselda,Carranza,griselda.carranza@krause.de
2511,janet.madrigal@gmail.com,Janet,Madrigal,janet.madrigal@gmail.com
4272,jenna.day@reed.com,Jenna,Day,jenna.day@reed.com
3533,modesto.wright@pareto.com,Modesto,Wright,modesto.wright@pareto.com
3618,alice.wall@zaccardo.it,Alice,Wall,alice.wall@zaccardo.it
2177,brenda.sontag@solari.com,Brenda,Sontag,brenda.sontag@solari.com
4102,sergius.mace@palazzo.com,Sergius,Mace,sergius.mace@palazzo.com
6089,antonia.kline@gmail.com,Antonia,Kline,antonia.kline@gmail.com
4701,maurice.gumprich@griffin.net.au,Maurice,Gumprich,maurice.gumprich@griffin.net.au
5645,daniel.anders@yahoo.com,Daniel,Anders,daniel.anders@yahoo.com
4499,zaira.cattaneo@yahoo.com,Zaira,Cattaneo,zaira.cattaneo@yahoo.com
3365,alessio.bruneau@hotmail.co.uk,Alessio,Bruneau,alessio.bruneau@hotmail.co.uk
22902,gerdi.guerrero@tele2.fr,Gerdi,Guerrero,gerdi.guerrero@tele2.fr
1890,brigitte.stiebitz@gmail.com,Brigitte,Stiebitz,brigitte.stiebitz@gmail.com
1304,june.sinisi@manzoni-giannini.it,June,Sinisi,june.sinisi@manzoni-giannini.it
3799,carl.macias@yahoo.com,Carl,Macias,carl.macias@yahoo.com
2749,veronica.trapp@tiscali.it,Veronica,Trapp,veronica.trapp@tiscali.it
2028,frances.garnier@aporti-guidotti.org,Frances,Garnier,frances.garnier@aporti-guidotti.org
2383,terri.iannelli@hotmail.com,Terri,Iannelli,terri.iannelli@hotmail.com
5721,odette.moore@hall.edu,Odette,Moore,odette.moore@hall.edu
1394,mercedes.trujillo@aol.de,Mercedes,Trujillo,mercedes.trujillo@aol.de
3451,babette.dumas@brady.net,Babette,Dumas,babette.dumas@brady.net
5512,jerry.santiago@soprano-ferragni.it,Jerry,Santiago,jerry.santiago@soprano-ferragni.it
2453,ronald.simpson@ovadia.net,Ronald,Simpson,ronald.simpson@ovadia.net
6055,emmanuel.dominguez@gmail.com,Emmanuel,Dominguez,emmanuel.dominguez@gmail.com
5704,christiane.ricciardi@zavala.com,Christiane,Ricciardi,christiane.ricciardi@zavala.com
3707,ingolf.zamora@yahoo.com.au,Ingolf,Zamora,ingolf.zamora@yahoo.com.au
2205,rita.sharp@beard-scott.edu.au,Rita,Sharp,rita.sharp@beard-scott.edu.au
5976,geraldine.cabrera@green-smith.info,Geraldine,Cabrera,geraldine.cabrera@green-smith.info
3290,chantal.armas@jenkins.net,Chantal,Armas,chantal.armas@jenkins.net
4257,louis.gilbert@gmail.com,Louis,Gilbert,louis.gilbert@gmail.com
4588,michelle.collier@peruzzi.it,Michelle,Collier,michelle.collier@peruzzi.it
4785,guillermina.nicholson@grondin.fr,Guillermina,Nicholson,guillermina.nicholson@grondin.fr
3033,bertrand.hopkins@gmail.com,Bertrand,Hopkins,bertrand.hopkins@gmail.com
2779,alonso.palomo@gehringer.de,Alonso,Palomo,alonso.palomo@gehringer.de
2131,tina.rodriguez@web.de,Tina,Rodriguez,tina.rodriguez@web.de
6229,eva.francis@parker.org,Eva,Francis,eva.francis@parker.org
3429,ottavio.rust@crespi.com,Ottavio,Rust,ottavio.rust@crespi.com
1613,amelia.olvera@hotmail.com,Amelia,Olvera,amelia.olvera@hotmail.com
4734,paul.palladio@mclaughlin.net.au,Paul,Palladio,paul.palladio@mclaughlin.net.au
4439,bernardo.wieloch@budig.com,Bernardo,Wieloch,bernardo.wieloch@budig.com
1441,umberto.hicks@hill.com,Umberto,Hicks,umberto.hicks@hill.com
5799,janko.bishop@tim.it,Janko,Bishop,janko.bishop@tim.it
1419,jessika.meunier@gmx.de,Jessika,Meunier,jessika.meunier@gmx.de
3059,isaac.benard@googlemail.com,Isaac,Benard,isaac.benard@googlemail.com
3224,alexandrie.lambert@yahoo.com,Alexandrie,Lambert,alexandrie.lambert@yahoo.com
3181,roberto.guyot@bennett.com,Roberto,Guyot,roberto.guyot@bennett.com
6061,giulietta.lucas@club.com,Giulietta,Lucas,giulietta.lucas@club.com
4466,damaris.pininfarina@gmail.com,Damaris,Pininfarina,damaris.pininfarina@gmail.com
6081,fabrizia.renard@higgins-marks.com,Fabrizia,Renard,fabrizia.renard@higgins-marks.com
2159,camillo.dehmel@brown-campbell.com,Camillo,Dehmel,camillo.dehmel@brown-campbell.com
3324,ruggero.parpinel@gmail.com,Ruggero,Parpinel,ruggero.parpinel@gmail.com
3176,stephen.pratesi@hotmail.com,Stephen,Pratesi,stephen.pratesi@hotmail.com
5874,ludger.naccari@ingram.biz,Ludger,Naccari,ludger.naccari@ingram.biz
5110,meryem.tapia@yahoo.com,Meryem,Tapia,meryem.tapia@yahoo.com
5490,jasmine.juvara@yahoo.com.au,Jasmine,Juvara,jasmine.juvara@yahoo.com.au
1922,victoire.travaglia@zacchia.com,Victoire,Travaglia,victoire.travaglia@zacchia.com
4398,adrian.noel@perrin.com,Adrian,Noel,adrian.noel@perrin.com
4754,marvin.howe@gmail.com,Marvin,Howe,marvin.howe@gmail.com
3309,hanne.kidd@yahoo.com,Hanne,Kidd,hanne.kidd@yahoo.com
1244,donatello.millet@fritsch.net,Donatello,Millet,donatello.millet@fritsch.net
2892,eloisa.pascarella@gmail.com,Eloisa,Pascarella,eloisa.pascarella@gmail.com
2777,erica.zambrano@gmail.com,Erica,Zambrano,erica.zambrano@gmail.com
4952,paula.canales@gilmore-guerrero.com,Paula,Canales,paula.canales@gilmore-guerrero.com
5144,claudia.bernard@mazzanti.it,Claudia,Bernard,claudia.bernard@mazzanti.it
5487,paulina.miller@lewis-barker.com,Paulina,Miller,paulina.miller@lewis-barker.com
19322,kathrin.godfrey@tele2.fr,Kathrin,Godfrey,kathrin.godfrey@tele2.fr
3364,pina.passalacqua@yahoo.co.uk,Pina,Passalacqua,pina.passalacqua@yahoo.co.uk
5165,julien.miles@stevens-rose.com,Julien,Miles,julien.miles@stevens-rose.com
3858,suzanne.benigni@mennea-morlacchi.com,Suzanne,Benigni,suzanne.benigni@mennea-morlacchi.com
4666,annalisa.pugh@hotmail.fr,Annalisa,Pugh,annalisa.pugh@hotmail.fr
2896,mathew.maestas@casas-garrido.com,Mathew,Maestas,mathew.maestas@casas-garrido.com
4520,laszlo.vallee@verdier.com,Laszlo,Vallee,laszlo.vallee@verdier.com
5726,helen.polanco@hotmail.com,Helen,Polanco,helen.polanco@hotmail.com
5661,mateo.sorrentino@calderon.com,Mateo,Sorrentino,mateo.sorrentino@calderon.com
4765,eric.barnes@barrett-winter.com,Eric,Barnes,eric.barnes@barrett-winter.com
3710,dragica.west@yahoo.com.au,Dragica,West,dragica.west@yahoo.com.au
4925,antje.voisin@gmail.com,Antje,Voisin,antje.voisin@gmail.com
1533,stanley.mills@parker-lee.biz,Stanley,Mills,stanley.mills@parker-lee.biz
5264,brandy.meraz@yahoo.com,Brandy,Meraz,brandy.meraz@yahoo.com
4606,conor.reinhardt@yahoo.com.au,Conor,Reinhardt,conor.reinhardt@yahoo.com.au
2043,gabino.blot@lewis-russell.org,Gabino,Blot,gabino.blot@lewis-russell.org
3871,alvaro.lemus@yahoo.com,Alvaro,Lemus,alvaro.lemus@yahoo.com
6205,patrizia.wilms@dbmail.com,Patrizia,Wilms,patrizia.wilms@dbmail.com
3193,metin.coulon@ashley.com,Metin,Coulon,metin.coulon@ashley.com
1810,reece.valencia@laboy-palomo.com,Reece,Valencia,reece.valencia@laboy-palomo.com
4797,troy.schmiedecke@picard.com,Troy,Schmiedecke,troy.schmiedecke@picard.com
1487,wendy.bustos@libero.it,Wendy,Bustos,wendy.bustos@libero.it
3474,guglielmo.caldwell@loeffler.com,Guglielmo,Caldwell,guglielmo.caldwell@loeffler.com
5771,travis.cowan@turner.info,Travis,Cowan,travis.cowan@turner.info
60742,brandi.abbagnale@tele2.fr,Brandi,Abbagnale,brandi.abbagnale@tele2.fr
1568,hanno.gollum@smith.com,Hanno,Gollum,hanno.gollum@smith.com
4263,jutta.burke@elliott.com,Jutta,Burke,jutta.burke@elliott.com
5850,dorothe.paz@fiebig.de,Dorothe,Paz,dorothe.paz@fiebig.de
5619,desiree.huerta@morris.com,Desiree,Huerta,desiree.huerta@morris.com
1904,ilse.bray@venturi.it,Ilse,Bray,ilse.bray@venturi.it
5388,pierpaolo.scaduto@sanders-gibson.com.au,Pierpaolo,Scaduto,pierpaolo.scaduto@sanders-gibson.com.au
2150,amedeo.bradford@yahoo.com,Amedeo,Bradford,amedeo.bradford@yahoo.com
2653,julia.ali@yahoo.com,Julia,Ali,julia.ali@yahoo.com
2687,catalina.pizzetti@tim.it,Catalina,Pizzetti,catalina.pizzetti@tim.it
3779,dylan.porzio@yahoo.de,Dylan,Porzio,dylan.porzio@yahoo.de
1494,iris.trincavelli@tiscali.fr,Iris,Trincavelli,iris.trincavelli@tiscali.fr
4129,johnathan.guidotti@cox-sanchez.net,Johnathan,Guidotti,johnathan.guidotti@cox-sanchez.net
3035,walburga.vollbrecht@aol.de,Walburga,Vollbrecht,walburga.vollbrecht@aol.de
2069,kendra.david@allan-morton.com,Kendra,David,kendra.david@allan-morton.com
5469,aleksandr.weiss@blanc.org,Aleksandr,Weiss,aleksandr.weiss@blanc.org
3903,cornelio.guardado@gmail.com,Cornelio,Guardado,cornelio.guardado@gmail.com
4083,ferdi.blackburn@christensen.net,Ferdi,Blackburn,ferdi.blackburn@christensen.net
4003,bill.gallagher@green.com,Bill,Gallagher,bill.gallagher@green.com
3565,leonard.harvey@hotmail.com,Leonard,Harvey,leonard.harvey@hotmail.com
1640,milan.montenegro@langern.com,Milan,Montenegro,milan.montenegro@langern.com
4769,philip.perez@hotmail.co.uk,Philip,Perez,philip.perez@hotmail.co.uk
3398,kathryn.hentschel@shaw.com,Kathryn,Hentschel,kathryn.hentschel@shaw.com
1865,xavier.samson@baggio.it,Xavier,Samson,xavier.samson@baggio.it
5690,hartwig.roberts@saraceno.net,Hartwig,Roberts,hartwig.roberts@saraceno.net
3814,kimberly.chan@gmail.com,Kimberly,Chan,kimberly.chan@gmail.com
2942,lorraine.crawford@gmail.com,Lorraine,Crawford,lorraine.crawford@gmail.com
5095,maximiliano.knowles@gmail.com,Maximiliano,Knowles,maximiliano.knowles@gmail.com
2878,gabriella.avila@gmail.com,Gabriella,Avila,gabriella.avila@gmail.com
3697,rico.mortati@faivre.fr,Rico,Mortati,rico.mortati@faivre.fr
4744,gail.petrocelli@yahoo.com,Gail,Petrocelli,gail.petrocelli@yahoo.com
2104,liberto.niemeier@germano-dibiasi.it,Liberto,Niemeier,liberto.niemeier@germano-dibiasi.it
4883,luciana.petitjean@patterson-cole.biz,Luciana,Petitjean,luciana.petitjean@patterson-cole.biz
4807,ron.cavazos@yahoo.com,Ron,Cavazos,ron.cavazos@yahoo.com
1372,aldo.cibin@gmx.de,Aldo,Cibin,aldo.cibin@gmx.de
3666,alexandre.serrano@yahoo.co.uk,Alexandre,Serrano,alexandre.serrano@yahoo.co.uk
2066,lori.fagotto@hill-anderson.com,Lori,Fagotto,lori.fagotto@hill-anderson.com
1834,perla.figueroa@live.com,Perla,Figueroa,perla.figueroa@live.com
5853,reginald.hughes@gmail.com,Reginald,Hughes,reginald.hughes@gmail.com
2219,uriel.holt@gmail.com,Uriel,Holt,uriel.holt@gmail.com
4148,stefano.lemonnier@binner.com,Stefano,Lemonnier,stefano.lemonnier@binner.com
4477,madeleine.cooper@poste.it,Madeleine,Cooper,madeleine.cooper@poste.it
1786,alban.barbier@ortiz.org,Alban,Barbier,alban.barbier@ortiz.org
3455,alfonso.finetti@quiroz.com,Alfonso,Finetti,alfonso.finetti@quiroz.com
5707,ryan.kim@noos.fr,Ryan,Kim,ryan.kim@noos.fr
5470,augustin.wohlgemut@watson.info,Augustin,Wohlgemut,augustin.wohlgemut@watson.info
3274,rolando.bibi@tin.it,Rolando,Bibi,rolando.bibi@tin.it
4613,berthold.randall@mcdonald.com,Berthold,Randall,berthold.randall@mcdonald.com
4465,genaro.briand@sfr.fr,Genaro,Briand,genaro.briand@sfr.fr
1652,rudolf.jenkins@hotmail.com,Rudolf,Jenkins,rudolf.jenkins@hotmail.com
2100,pauline.ackermann@arredondo-roque.com,Pauline,Ackermann,pauline.ackermann@arredondo-roque.com
4321,folker.swanson@rodrigues.fr,Folker,Swanson,folker.swanson@rodrigues.fr
4168,ashleigh.montez@perry-schneider.com,Ashleigh,Montez,ashleigh.montez@perry-schneider.com
3733,liliana.barber@libero.it,Liliana,Barber,liliana.barber@libero.it
2594,caridad.carr@huhn.com,Caridad,Carr,caridad.carr@huhn.com
3909,lolita.borrego@gmail.com,Lolita,Borrego,lolita.borrego@gmail.com
5179,gunar.patrick@leroy.com,Gunar,Patrick,gunar.patrick@leroy.com
2228,leokadia.verdier@hotmail.com.au,Leokadia,Verdier,leokadia.verdier@hotmail.com.au
6222,hanna.reid@salas.org,Hanna,Reid,hanna.reid@salas.org
2354,edelgard.kreusel@hotmail.com,Edelgard,Kreusel,edelgard.kreusel@hotmail.com
1725,svenja.perrin@berger.com,Svenja,Perrin,svenja.perrin@berger.com
2960,pierluigi.taccola@gmx.de,Pierluigi,Taccola,pierluigi.taccola@gmx.de
2077,cilli.watts@yahoo.com,Cilli,Watts,cilli.watts@yahoo.com
5662,emiliano.wells@gmx.de,Emiliano,Wells,emiliano.wells@gmx.de
3481,april.davids@fisher.info,April,Davids,april.davids@fisher.info
2565,dolores.didier@yahoo.com.au,Dolores,Didier,dolores.didier@yahoo.com.au
4436,sylvia.bonomo@poulain.com,Sylvia,Bonomo,sylvia.bonomo@poulain.com
5072,nelly.marsh@hotmail.it,Nelly,Marsh,nelly.marsh@hotmail.it
5200,beth.miniati@hudson.net,Beth,Miniati,beth.miniati@hudson.net
4502,renee.merino@gmail.com,Renee,Merino,renee.merino@gmail.com
4945,hailey.russell@jourdan.org,Hailey,Russell,hailey.russell@jourdan.org
3012,raphaela.gotthard@outlook.com,Raphaela,Gotthard,raphaela.gotthard@outlook.com
6094,pomponio.comencini@hotmail.co.uk,Pomponio,Comencini,pomponio.comencini@hotmail.co.uk
3815,leone.richardson@yahoo.com,Leone,Richardson,leone.richardson@yahoo.com
4838,valentine.acosta@peters.net,Valentine,Acosta,valentine.acosta@peters.net
3469,ricciotti.laureano@parsons.com,Ricciotti,Laureano,ricciotti.laureano@parsons.com
4874,jacques.heidrich@zamudio-chapa.com,Jacques,Heidrich,jacques.heidrich@zamudio-chapa.com
1792,anne.snow@gmail.com,Anne,Snow,anne.snow@gmail.com
4356,sonia.volta@gmx.de,Sonia,Volta,sonia.volta@gmx.de
6196,dale.leblanc@stewart.com,Dale,Leblanc,dale.leblanc@stewart.com
3578,alejandro.cruz@hotmail.com,Alejandro,Cruz,alejandro.cruz@hotmail.com
4491,elsa.cugia@yahoo.com,Elsa,Cugia,elsa.cugia@yahoo.com
3054,geronimo.pechel@hotmail.com,Geronimo,Pechel,geronimo.pechel@hotmail.com
1968,melania.klemm@seidel.com,Melania,Klemm,melania.klemm@seidel.com
5869,katherine.cooley@yahoo.com,Katherine,Cooley,katherine.cooley@yahoo.com
5858,guillermo.larsen@yahoo.com,Guillermo,Larsen,guillermo.larsen@yahoo.com
5203,jill.barrios@gmail.com,Jill,Barrios,jill.barrios@gmail.com
2577,austin.musatti@tin.it,Austin,Musatti,austin.musatti@tin.it
3216,jacinto.rose@yahoo.com,Jacinto,Rose,jacinto.rose@yahoo.com
2037,lucie.redi@googlemail.com,Lucie,Redi,lucie.redi@googlemail.com
3867,tania.chapman@remy.com,Tania,Chapman,tania.chapman@remy.com
5109,alexandria.best@yahoo.co.uk,Alexandria,Best,alexandria.best@yahoo.co.uk
1376,edward.scott@yahoo.com,Edward,Scott,edward.scott@yahoo.com
5260,jake.wiley@outlook.com,Jake,Wiley,jake.wiley@outlook.com
2350,claudio.reuter@morgan-collins.org.au,Claudio,Reuter,claudio.reuter@morgan-collins.org.au
2269,laure.traetta@kay-perkins.co.uk,Laure,Traetta,laure.traetta@kay-perkins.co.uk
3650,magarete.valentin@yahoo.com,Magarete,Valentin,magarete.valentin@yahoo.com
3934,paige.hill@jones.org.au,Paige,Hill,paige.hill@jones.org.au
4048,fulvio.curiel@reynolds.com,Fulvio,Curiel,fulvio.curiel@reynolds.com
4266,thibaut.camarillo@hotmail.com,Thibaut,Camarillo,thibaut.camarillo@hotmail.com
3863,romana.blanchard@googlemail.com,Romana,Blanchard,romana.blanchard@googlemail.com
4922,thibault.savorgnan@butler.biz,Thibault,Savorgnan,thibault.savorgnan@butler.biz
4517,alexander.pausini@gonzalez.info,Alexander,Pausini,alexander.pausini@gonzalez.info
3259,pierangelo.scholtz@lefevre.com,Pierangelo,Scholtz,pierangelo.scholtz@lefevre.com
3123,emmanuelle.keller@morton-clarke.com,Emmanuelle,Keller,emmanuelle.keller@morton-clarke.com
3870,isabella.deleon@web.de,Isabella,Deleon,isabella.deleon@web.de
2996,timothy.weitzel@gmail.com,Timothy,Weitzel,timothy.weitzel@gmail.com
2993,alfredo.ingram@hotmail.com,Alfredo,Ingram,alfredo.ingram@hotmail.com
4556,francesca.kade@luna-rael.org,Francesca,Kade,francesca.kade@luna-rael.org
2326,tonia.coleman@hotmail.com,Tonia,Coleman,tonia.coleman@hotmail.com
4109,gottfried.barbe@hotmail.com,Gottfried,Barbe,gottfried.barbe@hotmail.com
5739,jeffrey.trommler@yahoo.com,Jeffrey,Trommler,jeffrey.trommler@yahoo.com
5887,giacobbe.owens@huet.fr,Giacobbe,Owens,giacobbe.owens@huet.fr
1651,conchita.pagliaro@googlemail.com,Conchita,Pagliaro,conchita.pagliaro@googlemail.com
1628,kevin.delahaye@ellis-wilson.com,Kevin,Delahaye,kevin.delahaye@ellis-wilson.com
2642,rouven.ovadia@gmail.com,Rouven,Ovadia,rouven.ovadia@gmail.com
6020,piermaria.laporte@wesack.com,Piermaria,Laporte,piermaria.laporte@wesack.com
4747,karolin.johann@hotmail.com,Karolin,Johann,karolin.johann@hotmail.com
5534,steven.folliero@noos.fr,Steven,Folliero,steven.folliero@noos.fr
4790,livio.rosselli@green.co.uk,Livio,Rosselli,livio.rosselli@green.co.uk
4632,gaetano.leonardi@despacho.com,Gaetano,Leonardi,gaetano.leonardi@despacho.com
1952,cynthia.robinson@gilles.net,Cynthia,Robinson,cynthia.robinson@gilles.net
4388,eleni.aponte@club-internet.fr,Eleni,Aponte,eleni.aponte@club-internet.fr
5529,noelia.romo@yahoo.com,Noelia,Romo,noelia.romo@yahoo.com
1316,evelyn.haynes@clark.info,Evelyn,Haynes,evelyn.haynes@clark.info
1670,katharine.zaccagnini@hotmail.com,Katharine,Zaccagnini,katharine.zaccagnini@hotmail.com
4909,lea.merle@stey.de,Lea,Merle,lea.merle@stey.de
3401,marta.huynh@hernandez.info,Marta,Huynh,marta.huynh@hernandez.info
4619,amador.riley@hotmail.com,Amador,Riley,amador.riley@hotmail.com
4722,julie.coles@hotmail.fr,Julie,Coles,julie.coles@hotmail.fr
2188,beverley.telesio@regnier.fr,Beverley,Telesio,beverley.telesio@regnier.fr
5497,corinne.mitschke@hauffer.net,Corinne,Mitschke,corinne.mitschke@hauffer.net
57112,valerie.ortega@tele2.it,Valerie,Ortega,valerie.ortega@tele2.it
4076,carlos.delle@hicks.com,Carlos,Delle,carlos.delle@hicks.com
1847,christina.besnard@delorme.com,Christina,Besnard,christina.besnard@delorme.com
2816,rosario.jacques@yahoo.com,Rosario,Jacques,rosario.jacques@yahoo.com
5019,celal.fischer@aol.de,Celal,Fischer,celal.fischer@aol.de
4869,leonardo.guzman@andreozzi-abba.com,Leonardo,Guzman,leonardo.guzman@andreozzi-abba.com
3613,clinton.mason@yahoo.com,Clinton,Mason,clinton.mason@yahoo.com
3069,loretta.mallet@sansoni-toscani.it,Loretta,Mallet,loretta.mallet@sansoni-toscani.it
2601,lorenzo.roero@hotmail.co.uk,Lorenzo,Roero,lorenzo.roero@hotmail.co.uk
2133,lando.gutierrez@heser.com,Lando,Gutierrez,lando.gutierrez@heser.com
3164,elaine.patterson@rose-morris.org,Elaine,Patterson,elaine.patterson@rose-morris.org
3897,marcella.govoni@barkholz.net,Marcella,Govoni,marcella.govoni@barkholz.net
5663,ettore.amaldi@germain.com,Ettore,Amaldi,ettore.amaldi@germain.com
3879,rufino.gallegos@webster-newton.co.uk,Rufino,Gallegos,rufino.gallegos@webster-newton.co.uk
5900,georges.richards@macdonald.com,Georges,Richards,georges.richards@macdonald.com
2272,janice.infantino@hotmail.com,Janice,Infantino,janice.infantino@hotmail.com
5436,svetlana.montanariello@putz.de,Svetlana,Montanariello,svetlana.montanariello@putz.de
3676,agnolo.cedillo@laboratorios.biz,Agnolo,Cedillo,agnolo.cedillo@laboratorios.biz
4676,hannah.jockel@ceravolo-tonisto.eu,Hannah,Jockel,hannah.jockel@ceravolo-tonisto.eu
1563,yvonne.stout@sims.edu,Yvonne,Stout,yvonne.stout@sims.edu
4349,anouk.pace@gmail.com,Anouk,Pace,anouk.pace@gmail.com
1658,esteban.valdez@hotmail.com,Esteban,Valdez,esteban.valdez@hotmail.com
2552,angelina.davies@hotmail.com,Angelina,Davies,angelina.davies@hotmail.com
4847,anastasie.cadena@live.com,Anastasie,Cadena,anastasie.cadena@live.com
1553,hansjoachim.lettiere@hall-mcdaniel.net,Hansjoachim,Lettiere,hansjoachim.lettiere@hall-mcdaniel.net
2632,yeni.tejada@olson.edu.au,Yeni,Tejada,yeni.tejada@olson.edu.au
1908,dulce.adinolfi@hotmail.com,Dulce,Adinolfi,dulce.adinolfi@hotmail.com
5801,sean.mielcarek@gmail.com,Sean,Mielcarek,sean.mielcarek@gmail.com
1935,omar.fonseca@grupo.org,Omar,Fonseca,omar.fonseca@grupo.org
2609,henry.gucci@leleu.fr,Henry,Gucci,henry.gucci@leleu.fr
2740,samira.bottaro@vasseur.fr,Samira,Bottaro,samira.bottaro@vasseur.fr
1907,korinna.arnold@zapata-saenz.biz,Korinna,Arnold,korinna.arnold@zapata-saenz.biz
1831,marcela.ferrante@gmx.de,Marcela,Ferrante,marcela.ferrante@gmx.de
5177,douglas.amaya@favata-brenna.net,Douglas,Amaya,douglas.amaya@favata-brenna.net
6179,katherina.barrientos@trobbiani.eu,Katherina,Barrientos,katherina.barrientos@trobbiani.eu
29172,brittany.tran@tele2.it,Brittany,Tran,brittany.tran@tele2.it
1486,caroline.reeves@yahoo.com,Caroline,Reeves,caroline.reeves@yahoo.com
3735,joe.michaud@yahoo.fr,Joe,Michaud,joe.michaud@yahoo.fr
3838,marco.vittadello@gmail.com,Marco,Vittadello,marco.vittadello@gmail.com
2430,kim.webb@yahoo.com.au,Kim,Webb,kim.webb@yahoo.com.au
2480,eugenia.zichichi@yahoo.com,Eugenia,Zichichi,eugenia.zichichi@yahoo.com
3431,aurore.rosemann@leoncavallo-rusticucci.com,Aurore,Rosemann,aurore.rosemann@leoncavallo-rusticucci.com
1742,giustino.luzi@rolland.fr,Giustino,Luzi,giustino.luzi@rolland.fr
4628,anita.galindo@gmail.com,Anita,Galindo,anita.galindo@gmail.com
2385,gunhild.carrillo@elliott-gilbert.org,Gunhild,Carrillo,gunhild.carrillo@elliott-gilbert.org
2213,rosa.paul@bien.com,Rosa,Paul,rosa.paul@bien.com
5188,marliese.oneal@gmail.com,Marliese,Oneal,marliese.oneal@gmail.com
3418,bethany.hartmann@yahoo.com,Bethany,Hartmann,bethany.hartmann@yahoo.com
5637,irina.martineau@gmail.com,Irina,Martineau,irina.martineau@gmail.com
3530,beatriz.moulin@pinto.com,Beatriz,Moulin,beatriz.moulin@pinto.com
3731,lucas.austin@gmail.com,Lucas,Austin,lucas.austin@gmail.com
3219,carole.nohlmans@yahoo.com,Carole,Nohlmans,carole.nohlmans@yahoo.com
2392,bozena.schmitt@vallet.com,Bozena,Schmitt,bozena.schmitt@vallet.com
5103,aimee.foconi@outlook.com,Aimee,Foconi,aimee.foconi@outlook.com
3992,marzena.carrero@roskoth.de,Marzena,Carrero,marzena.carrero@roskoth.de
2442,raisa.poulain@fastwebnet.it,Raisa,Poulain,raisa.poulain@fastwebnet.it
2913,marcantonio.bennett@hopkins.com.au,Marcantonio,Bennett,marcantonio.bennett@hopkins.com.au
1631,kenneth.hurst@meunier.net,Kenneth,Hurst,kenneth.hurst@meunier.net
4073,marisela.mende@godoy-enriquez.com,Marisela,Mende,marisela.mende@godoy-enriquez.com
4568,blanka.villareal@monduzzi.net,Blanka,Villareal,blanka.villareal@monduzzi.net
1830,tomislav.stoppani@corporacin.org,Tomislav,Stoppani,tomislav.stoppani@corporacin.org
2623,krystal.ammaniti@barbier.fr,Krystal,Ammaniti,krystal.ammaniti@barbier.fr
4327,deanna.aporti@bouygtel.fr,Deanna,Aporti,deanna.aporti@bouygtel.fr
3713,donatella.burns@yahoo.de,Donatella,Burns,donatella.burns@yahoo.de
2389,margrit.hooper@douglas.com,Margrit,Hooper,margrit.hooper@douglas.com
5141,baccio.marcacci@laposte.net,Baccio,Marcacci,baccio.marcacci@laposte.net
3522,alfio.roman@hotmail.co.uk,Alfio,Roman,alfio.roman@hotmail.co.uk
1334,soledad.soto@hotmail.de,Soledad,Soto,soledad.soto@hotmail.de
4721,josh.cimarosa@hotmail.com,Josh,Cimarosa,josh.cimarosa@hotmail.com
3768,nath.rico@yahoo.com,Nath,Rico,nath.rico@yahoo.com
1639,gary.armani@web.de,Gary,Armani,gary.armani@web.de
5149,miriam.oquendo@smith-watson.biz,Miriam,Oquendo,miriam.oquendo@smith-watson.biz
2153,monica.mohaupt@live.com,Monica,Mohaupt,monica.mohaupt@live.com
2767,alec.ho@parra-esparza.com,Alec,Ho,alec.ho@parra-esparza.com
5124,harry.fouquet@ibarra-cooper.com,Harry,Fouquet,harry.fouquet@ibarra-cooper.com
2097,arcelia.babati@orange.fr,Arcelia,Babati,arcelia.babati@orange.fr
4796,trinidad.vespa@gmail.com,Trinidad,Vespa,trinidad.vespa@gmail.com
5849,colette.ryan@hotmail.com,Colette,Ryan,colette.ryan@hotmail.com
1495,richard.andre@porras.org,Richard,Andre,richard.andre@porras.org
2462,ellinor.leclercq@gmail.com,Ellinor,Leclercq,ellinor.leclercq@gmail.com
2280,patricio.guillon@web.de,Patricio,Guillon,patricio.guillon@web.de
1877,kirsten.chindamo@carrillo-wall.com,Kirsten,Chindamo,kirsten.chindamo@carrillo-wall.com
6108,leo.petruzzi@yahoo.com,Leo,Petruzzi,leo.petruzzi@yahoo.com
4427,margot.tomaselli@junck.org,Margot,Tomaselli,margot.tomaselli@junck.org
2881,ansaldo.marks@patel-odonnell.com,Ansaldo,Marks,ansaldo.marks@patel-odonnell.com
2339,regina.morin@barcaccia.net,Regina,Morin,regina.morin@barcaccia.net
5156,karla.medici@yahoo.com,Karla,Medici,karla.medici@yahoo.com
4750,morgan.irizarry@williams-harris.biz,Morgan,Irizarry,morgan.irizarry@williams-harris.biz
4852,natividad.wong@hoevel.com,Natividad,Wong,natividad.wong@hoevel.com
5734,anna.freeman@snyder.net,Anna,Freeman,anna.freeman@snyder.net
3801,emilia.vivaldi@garnier.fr,Emilia,Vivaldi,emilia.vivaldi@garnier.fr
4474,gerda.cook@tin.it,Gerda,Cook,gerda.cook@tin.it
1992,andrey.faure@frederick-mitchell.info,Andrey,Faure,andrey.faure@frederick-mitchell.info
5796,charlotte.duke@ochoa.org,Charlotte,Duke,charlotte.duke@ochoa.org
1373,cindy.castillo@virgilio.it,Cindy,Castillo,cindy.castillo@virgilio.it
1879,hiltrud.thibault@barbe.com,Hiltrud,Thibault,hiltrud.thibault@barbe.com
3072,kasimir.jaime@gmail.com,Kasimir,Jaime,kasimir.jaime@gmail.com
4561,sabine.lachmann@phillips.org,Sabine,Lachmann,sabine.lachmann@phillips.org
5201,andrea.arroyo@yahoo.com.au,Andrea,Arroyo,andrea.arroyo@yahoo.com.au
5871,matthew.velasquez@gmail.com,Matthew,Velasquez,matthew.velasquez@gmail.com
3041,severino.linares@angeli.com,Severino,Linares,severino.linares@angeli.com
5864,swantje.lomeli@gmx.de,Swantje,Lomeli,swantje.lomeli@gmx.de
3999,marcus.espino@comolli.eu,Marcus,Espino,marcus.espino@comolli.eu
4849,allen.gates@gmail.com,Allen,Gates,allen.gates@gmail.com
5461,mauricio.saunders@hotmail.co.uk,Mauricio,Saunders,mauricio.saunders@hotmail.co.uk
5946,gilbert.cornejo@hotmail.com,Gilbert,Cornejo,gilbert.cornejo@hotmail.com
4508,letizia.gulotta@howard.biz,Letizia,Gulotta,letizia.gulotta@howard.biz
5096,etta.gutknecht@leconte.net,Etta,Gutknecht,etta.gutknecht@leconte.net
5443,shelley.perry@gierschner.de,Shelley,Perry,shelley.perry@gierschner.de
2165,geoffrey.williams@poste.it,Geoffrey,Williams,geoffrey.williams@poste.it
2125,cory.stewart@voila.fr,Cory,Stewart,cory.stewart@voila.fr
6141,kristy.bartlett@outlook.com,Kristy,Bartlett,kristy.bartlett@outlook.com
5245,gianluca.beck@green.biz,Gianluca,Beck,gianluca.beck@green.biz
2190,guido.krein@gmail.com,Guido,Krein,guido.krein@gmail.com
2243,leif.monnier@querini.it,Leif,Monnier,leif.monnier@querini.it
3336,jonas.badoer@kennedy.biz,Jonas,Badoer,jonas.badoer@kennedy.biz
3305,devin.ebert@yahoo.fr,Devin,Ebert,devin.ebert@yahoo.fr
6191,slobodan.camiscione@hotmail.com,Slobodan,Camiscione,slobodan.camiscione@hotmail.com
1326,volkmar.gauthier@hotmail.com,Volkmar,Gauthier,volkmar.gauthier@hotmail.com
6159,jordan.rowe@outlook.com,Jordan,Rowe,jordan.rowe@outlook.com
2003,manon.daugherty@segre.com,Manon,Daugherty,manon.daugherty@segre.com
5881,estela.segovia@vodafone.it,Estela,Segovia,estela.segovia@vodafone.it
1918,giada.celentano@evans.net,Giada,Celentano,giada.celentano@evans.net
2157,clayton.salcedo@hotmail.co.uk,Clayton,Salcedo,clayton.salcedo@hotmail.co.uk
3149,raven.pinto@hotmail.com,Raven,Pinto,raven.pinto@hotmail.com
2444,lewis.lewis@pisano.net,Lewis,Lewis,lewis.lewis@pisano.net
6207,rochus.rousseau@nguyen.com,Rochus,Rousseau,rochus.rousseau@nguyen.com
5580,belinda.gamez@leleu.com,Belinda,Gamez,belinda.gamez@leleu.com
5942,angelo.lozano@macias.com,Angelo,Lozano,angelo.lozano@macias.com
1592,jorge.monti@clement.fr,Jorge,Monti,jorge.monti@clement.fr
2344,ricky.harrell@martin.edu,Ricky,Harrell,ricky.harrell@martin.edu
5995,adriano.wulf@schmidtke.net,Adriano,Wulf,adriano.wulf@schmidtke.net
5022,pompeo.bourdon@gmail.com,Pompeo,Bourdon,pompeo.bourdon@gmail.com
5991,kristie.garrett@wernecke.com,Kristie,Garrett,kristie.garrett@wernecke.com
4020,lodovico.conley@yahoo.com,Lodovico,Conley,lodovico.conley@yahoo.com
6028,jean.berthelot@oscuro.it,Jean,Berthelot,jean.berthelot@oscuro.it
2790,tadeusz.medina@jackson-clark.net,Tadeusz,Medina,tadeusz.medina@jackson-clark.net
4033,ruby.carriera@hotmail.it,Ruby,Carriera,ruby.carriera@hotmail.it
1261,theres.antonioni@hotmail.com,Theres,Antonioni,theres.antonioni@hotmail.com
1979,gloria.morton@outlook.com,Gloria,Morton,gloria.morton@outlook.com
2122,graziano.jensen@gmail.com,Graziano,Jensen,graziano.jensen@gmail.com
4506,gianpaolo.massey@bouvier.com,Gianpaolo,Massey,gianpaolo.massey@bouvier.com
3016,alain.farmer@hotmail.it,Alain,Farmer,alain.farmer@hotmail.it
3272,renato.murillo@club.com,Renato,Murillo,renato.murillo@club.com
1375,edda.ferraris@libero.it,Edda,Ferraris,edda.ferraris@libero.it
4014,luce.marty@waehner.org,Luce,Marty,luce.marty@waehner.org
3199,rotraud.mitchell@laboratorios.com,Rotraud,Mitchell,rotraud.mitchell@laboratorios.com
2184,israel.watkins@hotmail.com,Israel,Watkins,israel.watkins@hotmail.com
2170,nathan.jennings@kim.com,Nathan,Jennings,nathan.jennings@kim.com
1478,gavin.proietti@gmx.de,Gavin,Proietti,gavin.proietti@gmx.de
6163,emma.rios@yahoo.com.au,Emma,Rios,emma.rios@yahoo.com.au
1889,todd.douglas@web.de,Todd,Douglas,todd.douglas@web.de
5912,oscar.holsten@yahoo.com,Oscar,Holsten,oscar.holsten@yahoo.com
2537,ann.peron@grupo.biz,Ann,Peron,ann.peron@grupo.biz
2118,senta.grassi@hotmail.com,Senta,Grassi,senta.grassi@hotmail.com
3234,kata.mena@gmail.com,Kata,Mena,kata.mena@gmail.com
3842,gianfranco.hethur@stewart-lee.com.au,Gianfranco,Hethur,gianfranco.hethur@stewart-lee.com.au
3032,florentine.saraceno@gmail.com,Florentine,Saraceno,florentine.saraceno@gmail.com
3238,giuliano.bolzmann@pacillo.it,Giuliano,Bolzmann,giuliano.bolzmann@pacillo.it
2059,alwine.kostolzin@holloway.com,Alwine,Kostolzin,alwine.kostolzin@holloway.com
5238,giacinto.briggs@yahoo.co.uk,Giacinto,Briggs,giacinto.briggs@yahoo.co.uk
2578,holly.negrete@hotmail.com,Holly,Negrete,holly.negrete@hotmail.com
4789,mark.trapanese@gmail.com,Mark,Trapanese,mark.trapanese@gmail.com
2357,alyssa.brun@chittolini-spadafora.it,Alyssa,Brun,alyssa.brun@chittolini-spadafora.it
1235,cristina.chevalier@proyectos.com,Cristina,Chevalier,cristina.chevalier@proyectos.com
3558,shannon.lefevre@gmail.com,Shannon,Lefevre,shannon.lefevre@gmail.com
1707,logan.hornich@tin.it,Logan,Hornich,logan.hornich@tin.it
2842,rosalia.toro@free.fr,Rosalia,Toro,rosalia.toro@free.fr
5318,reiner.poerio@yahoo.com,Reiner,Poerio,reiner.poerio@yahoo.com
1620,valentina.pages@hotmail.de,Valentina,Pages,valentina.pages@hotmail.de
4998,enrico.fabre@gmail.com,Enrico,Fabre,enrico.fabre@gmail.com
3111,sevim.begue@yahoo.com.au,Sevim,Begue,sevim.begue@yahoo.com.au
1424,sonja.patberg@hotmail.com,Sonja,Patberg,sonja.patberg@hotmail.com
3244,christine.hiller@yahoo.com,Christine,Hiller,christine.hiller@yahoo.com
4643,maik.beasley@harper-brooks.biz,Maik,Beasley,maik.beasley@harper-brooks.biz
6132,elliot.santana@gmx.de,Elliot,Santana,elliot.santana@gmx.de
3790,eloy.renzi@gmail.com,Eloy,Renzi,eloy.renzi@gmail.com
1312,wolf.lutz@nichols-jackson.com.au,Wolf,Lutz,wolf.lutz@nichols-jackson.com.au
5686,giuseppe.lee@mahe.org,Giuseppe,Lee,giuseppe.lee@mahe.org
2111,angelica.cuellar@zaguri-bellucci.net,Angelica,Cuellar,angelica.cuellar@zaguri-bellucci.net
5685,bekir.normand@yahoo.de,Bekir,Normand,bekir.normand@yahoo.de
1905,carmine.gonzales@schleich.net,Carmine,Gonzales,carmine.gonzales@schleich.net
3271,marianne.hubert@hotmail.com,Marianne,Hubert,marianne.hubert@hotmail.com
4178,gonzalo.montes@hotmail.com,Gonzalo,Montes,gonzalo.montes@hotmail.com
3275,shelly.guichard@gmail.com,Shelly,Guichard,shelly.guichard@gmail.com
5713,tobias.carbajal@live.com,Tobias,Carbajal,tobias.carbajal@live.com
3339,santiago.berry@aol.de,Santiago,Berry,santiago.berry@aol.de
5585,emilio.davenport@zamora-russo.net,Emilio,Davenport,emilio.davenport@zamora-russo.net
4407,maurizio.gute@knight.info,Maurizio,Gute,maurizio.gute@knight.info
1941,nadia.travaglio@colletti-broggini.com,Nadia,Travaglio,nadia.travaglio@colletti-broggini.com
4690,elisa.barkholz@sfr.fr,Elisa,Barkholz,elisa.barkholz@sfr.fr
3607,cristal.mazzini@gmail.com,Cristal,Mazzini,cristal.mazzini@gmail.com
2670,trevor.granados@gmail.com,Trevor,Granados,trevor.granados@gmail.com
5261,matthieu.mcdonald@morrison.org,Matthieu,Mcdonald,matthieu.mcdonald@morrison.org
4121,juliette.preston@gmail.com,Juliette,Preston,juliette.preston@gmail.com
4620,stanislaw.montalvo@mcpherson-hughes.info,Stanislaw,Montalvo,stanislaw.montalvo@mcpherson-hughes.info
4630,lilia.lollobrigida@le.com,Lilia,Lollobrigida,lilia.lollobrigida@le.com
3440,brigitta.shaw@hotmail.co.uk,Brigitta,Shaw,brigitta.shaw@hotmail.co.uk
3572,rebeca.frey@gerard.fr,Rebeca,Frey,rebeca.frey@gerard.fr
5306,nicolas.palacios@meraz.com,Nicolas,Palacios,nicolas.palacios@meraz.com
5122,susanna.bonneau@klingelhoefer.de,Susanna,Bonneau,susanna.bonneau@klingelhoefer.de
1368,romina.valentine@hotmail.com,Romina,Valentine,romina.valentine@hotmail.com
5370,erika.toussaint@sfr.fr,Erika,Toussaint,erika.toussaint@sfr.fr
5636,lothar.laurent@garcia.com.au,Lothar,Laurent,lothar.laurent@garcia.com.au
6033,chelsea.verdugo@campbell.com,Chelsea,Verdugo,chelsea.verdugo@campbell.com
3599,ria.venier@murillo-estevez.com,Ria,Venier,ria.venier@murillo-estevez.com
5566,carly.summers@yahoo.co.uk,Carly,Summers,carly.summers@yahoo.co.uk
1873,pasquale.tomasini@hotmail.co.uk,Pasquale,Tomasini,pasquale.tomasini@hotmail.co.uk
3904,stefani.ughi@hotmail.it,Stefani,Ughi,stefani.ughi@hotmail.it
4453,jose.huang@gmx.de,Jose,Huang,jose.huang@gmx.de
5481,petros.gaona@googlemail.com,Petros,Gaona,petros.gaona@googlemail.com
2987,maximilian.siering@gaito-fornaciari.org,Maximilian,Siering,maximilian.siering@gaito-fornaciari.org
2431,ermenegildo.holzapfel@aol.de,Ermenegildo,Holzapfel,ermenegildo.holzapfel@aol.de
4158,damien.leger@dixon.biz,Damien,Leger,damien.leger@dixon.biz
3753,zeferino.barrera@zedillo-velazquez.com,Zeferino,Barrera,zeferino.barrera@zedillo-velazquez.com
4391,alfred.pohl@fechner.net,Alfred,Pohl,alfred.pohl@fechner.net
2026,marissa.gaito@reed-campbell.edu,Marissa,Gaito,marissa.gaito@reed-campbell.edu
4547,ariana.houston@hotmail.it,Ariana,Houston,ariana.houston@hotmail.it
2798,victor.jacobs@young.com,Victor,Jacobs,victor.jacobs@young.com
4732,henriette.lang@mimun.it,Henriette,Lang,henriette.lang@mimun.it
5126,wilfriede.baca@caraballo.com,Wilfriede,Baca,wilfriede.baca@caraballo.com
5151,lucia.riviere@samaniego.biz,Lucia,Riviere,lucia.riviere@samaniego.biz
2134,gordon.vigorelli@solano.com,Gordon,Vigorelli,gordon.vigorelli@solano.com
5786,diethard.salgado@gmail.com,Diethard,Salgado,diethard.salgado@gmail.com
5515,sue.corrales@cardenas-serna.org,Sue,Corrales,sue.corrales@cardenas-serna.org
4530,arthur.salazar@yahoo.com.au,Arthur,Salazar,arthur.salazar@yahoo.com.au
4088,fortunata.schneider@tiscali.it,Fortunata,Schneider,fortunata.schneider@tiscali.it
3667,gretchen.serna@pichon.org,Gretchen,Serna,gretchen.serna@pichon.org
3286,egon.caron@hotmail.com,Egon,Caron,egon.caron@hotmail.com
4804,roberta.finzi@knight-davies.co.uk,Roberta,Finzi,roberta.finzi@knight-davies.co.uk
5768,editha.savage@davies.co.uk,Editha,Savage,editha.savage@davies.co.uk
6098,allan.emanuelli@fernandes.org,Allan,Emanuelli,allan.emanuelli@fernandes.org
2508,laurence.lucero@martin.org,Laurence,Lucero,laurence.lucero@martin.org
5779,istvan.draghi@ifrance.com,Istvan,Draghi,istvan.draghi@ifrance.com
1717,luigi.bonnet@carriera-federico.it,Luigi,Bonnet,luigi.bonnet@carriera-federico.it
3368,yuridia.fantozzi@mcdonald.com,Yuridia,Fantozzi,yuridia.fantozzi@mcdonald.com
4265,eraldo.schmiedt@hotmail.de,Eraldo,Schmiedt,eraldo.schmiedt@hotmail.de
4455,antoinette.cox@bustamante.com,Antoinette,Cox,antoinette.cox@bustamante.com
2940,cameron.ocampo@hotmail.com.au,Cameron,Ocampo,cameron.ocampo@hotmail.com.au
6144,lynn.lawson@leclercq.com,Lynn,Lawson,lynn.lawson@leclercq.com
3657,natalia.seifert@ifrance.com,Natalia,Seifert,natalia.seifert@ifrance.com
1537,nuray.anguillara@yahoo.co.uk,Nuray,Anguillara,nuray.anguillara@yahoo.co.uk
2116,beate.morgan@gmail.com,Beate,Morgan,beate.morgan@gmail.com
5102,mario.rees@gmx.de,Mario,Rees,mario.rees@gmx.de
5815,galasso.junken@yahoo.co.uk,Galasso,Junken,galasso.junken@yahoo.co.uk
4250,luca.moses@franke.de,Luca,Moses,luca.moses@franke.de
4533,aurelio.gertz@hewitt.net,Aurelio,Gertz,aurelio.gertz@hewitt.net
3329,uberto.steele@outlook.com,Uberto,Steele,uberto.steele@outlook.com
3606,annie.hunter@allen.co.uk,Annie,Hunter,annie.hunter@allen.co.uk
4749,jo.mccarty@hotmail.com,Jo,Mccarty,jo.mccarty@hotmail.com
2222,eitel.lombard@thomas.net,Eitel,Lombard,eitel.lombard@thomas.net
1939,susan.vigliotti@yahoo.co.uk,Susan,Vigliotti,susan.vigliotti@yahoo.co.uk
2456,jacqueline.germano@valette.fr,Jacqueline,Germano,jacqueline.germano@valette.fr
2794,fidel.ruppert@yahoo.co.uk,Fidel,Ruppert,fidel.ruppert@yahoo.co.uk
2648,margaret.eigenwillig@yahoo.com,Margaret,Eigenwillig,margaret.eigenwillig@yahoo.com
2545,yvette.harding@yahoo.co.uk,Yvette,Harding,yvette.harding@yahoo.co.uk
3273,federigo.karge@bohlander.com,Federigo,Karge,federigo.karge@bohlander.com
6155,guenther.armenta@free.fr,Guenther,Armenta,guenther.armenta@free.fr
6064,coriolano.higgins@murphy.org.au,Coriolano,Higgins,coriolano.higgins@murphy.org.au
1729,felix.rubio@ebert.de,Felix,Rubio,felix.rubio@ebert.de
4969,melanie.leveque@fleury.net,Melanie,Leveque,melanie.leveque@fleury.net
3402,abbie.galeati@ubaldi.it,Abbie,Galeati,abbie.galeati@ubaldi.it
2810,vittorio.caccioppoli@yahoo.com,Vittorio,Caccioppoli,vittorio.caccioppoli@yahoo.com
2217,biagio.valenzuela@robinson.info,Biagio,Valenzuela,biagio.valenzuela@robinson.info
5140,dario.green@live.com,Dario,Green,dario.green@live.com
4497,alwina.textor@poste.it,Alwina,Textor,alwina.textor@poste.it
5100,diether.baeza@grupo.biz,Diether,Baeza,diether.baeza@grupo.biz
3390,sole.trevino@hotmail.com,Sole,Trevino,sole.trevino@hotmail.com
1926,darren.bernardi@brooks-martin.com,Darren,Bernardi,darren.bernardi@brooks-martin.com
3264,martina.heser@morellato.it,Martina,Heser,martina.heser@morellato.it
2573,bethan.giacometti@gmail.com,Bethan,Giacometti,bethan.giacometti@gmail.com
3628,ethan.duhamel@sfr.fr,Ethan,Duhamel,ethan.duhamel@sfr.fr
3826,corrado.warren@hotmail.com.au,Corrado,Warren,corrado.warren@hotmail.com.au
5983,damian.pulido@yahoo.de,Damian,Pulido,damian.pulido@yahoo.de
5678,dino.osborne@despacho.com,Dino,Osborne,dino.osborne@despacho.com
2093,nicolaus.bernetti@aol.de,Nicolaus,Bernetti,nicolaus.bernetti@aol.de
5333,gianna.carroll@perez.com,Gianna,Carroll,gianna.carroll@perez.com
5139,grit.knight@web.de,Grit,Knight,grit.knight@web.de
3173,erin.weinhold@hotmail.fr,Erin,Weinhold,erin.weinhold@hotmail.fr
3333,craig.jordan@gmail.com,Craig,Jordan,craig.jordan@gmail.com
2262,homero.respighi@gmail.com,Homero,Respighi,homero.respighi@gmail.com
1531,fanny.pertile@gmail.com,Fanny,Pertile,fanny.pertile@gmail.com
4881,fridolin.comboni@graf.com,Fridolin,Comboni,fridolin.comboni@graf.com
3928,hugh.cantu@libero.it,Hugh,Cantu,hugh.cantu@libero.it
1803,alphons.simmons@hotmail.com,Alphons,Simmons,alphons.simmons@hotmail.com
2321,ludovico.cafarchia@gmail.com,Ludovico,Cafarchia,ludovico.cafarchia@gmail.com
6234,nico.kaiser@almonte.com,Nico,Kaiser,nico.kaiser@almonte.com
1422,kirsty.lamy@alonzi.it,Kirsty,Lamy,kirsty.lamy@alonzi.it
2660,joshua.scheibe@turci.org,Joshua,Scheibe,joshua.scheibe@turci.org
5361,carin.pineau@yahoo.com,Carin,Pineau,carin.pineau@yahoo.com
3420,ellie.galarza@pareto-cattaneo.net,Ellie,Galarza,ellie.galarza@pareto-cattaneo.net
4337,marion.lira@ifrance.com,Marion,Lira,marion.lira@ifrance.com
2338,aurelia.angiolello@lord.com,Aurelia,Angiolello,aurelia.angiolello@lord.com
4140,maura.ravaglioli@yahoo.com,Maura,Ravaglioli,maura.ravaglioli@yahoo.com
2373,brunhilde.fletcher@schomber.de,Brunhilde,Fletcher,brunhilde.fletcher@schomber.de
1344,ottfried.marques@tyler-watson.info,Ottfried,Marques,ottfried.marques@tyler-watson.info
2141,christelle.blasi@morris-chan.com,Christelle,Blasi,christelle.blasi@morris-chan.com
3415,augusto.vercelloni@club-internet.fr,Augusto,Vercelloni,augusto.vercelloni@club-internet.fr
5696,michela.pruvost@holt.co.uk,Michela,Pruvost,michela.pruvost@holt.co.uk
1798,guarino.escalante@hotmail.com,Guarino,Escalante,guarino.escalante@hotmail.com
1657,gabriela.padilla@pearson-russell.com,Gabriela,Padilla,gabriela.padilla@pearson-russell.com
3651,agathe.dias@jackson.com,Agathe,Dias,agathe.dias@jackson.com
3574,werner.kallert@gmail.com,Werner,Kallert,werner.kallert@gmail.com
6063,lore.delaunay@yahoo.com,Lore,Delaunay,lore.delaunay@yahoo.com
2404,enzio.campos@tim.it,Enzio,Campos,enzio.campos@tim.it
2705,walther.duarte@web.de,Walther,Duarte,walther.duarte@web.de
5059,adelgunde.trevisan@gmail.com,Adelgunde,Trevisan,adelgunde.trevisan@gmail.com
5466,thierry.schwartz@travaglio.net,Thierry,Schwartz,thierry.schwartz@travaglio.net
5821,katie.andersen@haney.com.au,Katie,Andersen,katie.andersen@haney.com.au
5385,kathy.zamorani@hotmail.com,Kathy,Zamorani,kathy.zamorani@hotmail.com
3506,giuseppina.tanguy@wanadoo.fr,Giuseppina,Tanguy,giuseppina.tanguy@wanadoo.fr
5427,jack.klapp@hotmail.com.au,Jack,Klapp,jack.klapp@hotmail.com.au
6142,tom.leconte@woods-johnson.com,Tom,Leconte,tom.leconte@woods-johnson.com
2873,bonnie.cignaroli@yahoo.com,Bonnie,Cignaroli,bonnie.cignaroli@yahoo.com
3916,danny.farrell@hotmail.com,Danny,Farrell,danny.farrell@hotmail.com
1687,fiorenzo.bauer@gmail.com,Fiorenzo,Bauer,fiorenzo.bauer@gmail.com
1542,randy.alfieri@verri.org,Randy,Alfieri,randy.alfieri@verri.org
3087,tim.bradley@schlosser.de,Tim,Bradley,tim.bradley@schlosser.de
3857,yves.mendez@gmail.com,Yves,Mendez,yves.mendez@gmail.com
5921,raffaella.esquivel@gmail.com,Raffaella,Esquivel,raffaella.esquivel@gmail.com
3144,lawrence.vasari@castillo.edu,Lawrence,Vasari,lawrence.vasari@castillo.edu
2676,sam.adams@yahoo.com,Sam,Adams,sam.adams@yahoo.com
3646,mirco.nicolini@blin.net,Mirco,Nicolini,mirco.nicolini@blin.net
1321,graham.bajardi@yahoo.com,Graham,Bajardi,graham.bajardi@yahoo.com
1399,luc.quinn@walker.com,Luc,Quinn,luc.quinn@walker.com
3169,stella.ullrich@hotmail.com.au,Stella,Ullrich,stella.ullrich@hotmail.com.au
2058,calcedonio.remy@edwards-benton.com,Calcedonio,Remy,calcedonio.remy@edwards-benton.com
1300,nanni.almaraz@martin.com,Nanni,Almaraz,nanni.almaraz@martin.com
2075,pascual.corradi@lopez.net.au,Pascual,Corradi,pascual.corradi@lopez.net.au
2984,kristi.grant@yahoo.co.uk,Kristi,Grant,kristi.grant@yahoo.co.uk
4768,manuel.gracia@trussardi.eu,Manuel,Gracia,manuel.gracia@trussardi.eu
3682,gionata.hussain@yahoo.com,Gionata,Hussain,gionata.hussain@yahoo.com
5901,maria.nguyen@hernadez.com,Maria,Nguyen,maria.nguyen@hernadez.com
3540,leon.baker@hotmail.com,Leon,Baker,leon.baker@hotmail.com
2225,gianmarco.alcaraz@zacchia.net,Gianmarco,Alcaraz,gianmarco.alcaraz@zacchia.net
1485,derrick.little@small.org,Derrick,Little,derrick.little@small.org
5343,terry.ramirez@hotmail.co.uk,Terry,Ramirez,terry.ramirez@hotmail.co.uk
5594,katarina.clarke@hotmail.com.au,Katarina,Clarke,katarina.clarke@hotmail.com.au
2482,leila.washington@gmail.com,Leila,Washington,leila.washington@gmail.com
2706,mirko.townsend@schmitt.com,Mirko,Townsend,mirko.townsend@schmitt.com
4861,randall.connolly@jovinelli-castelli.com,Randall,Connolly,randall.connolly@jovinelli-castelli.com
2961,pia.burgess@proyectos.org,Pia,Burgess,pia.burgess@proyectos.org
3043,justine.mancini@tiscali.it,Justine,Mancini,justine.mancini@tiscali.it
6103,reynaldo.wagenknecht@faure.com,Reynaldo,Wagenknecht,reynaldo.wagenknecht@faure.com
4708,toni.magrassi@gmail.com,Toni,Magrassi,toni.magrassi@gmail.com
4395,patrizio.cisneros@martinez.edu.au,Patrizio,Cisneros,patrizio.cisneros@martinez.edu.au
4912,durante.lindner@picard.fr,Durante,Lindner,durante.lindner@picard.fr
2030,rosl.lamborghini@hiller.net,Rosl,Lamborghini,rosl.lamborghini@hiller.net
5235,ugo.harrison@morley-chapman.co.uk,Ugo,Harrison,ugo.harrison@morley-chapman.co.uk
5001,isidor.carpenter@chauvin.com,Isidor,Carpenter,isidor.carpenter@chauvin.com
4093,marie.zoppetto@kallert.de,Marie,Zoppetto,marie.zoppetto@kallert.de
2576,branko.chambers@ifrance.com,Branko,Chambers,branko.chambers@ifrance.com
6122,alan.pineda@proyectos.info,Alan,Pineda,alan.pineda@proyectos.info
2813,carmen.oestrovsky@gmail.com,Carmen,Oestrovsky,carmen.oestrovsky@gmail.com
3737,shane.fernandez@hotmail.de,Shane,Fernandez,shane.fernandez@hotmail.de
2803,debbie.guilbert@berg.edu,Debbie,Guilbert,debbie.guilbert@berg.edu
5508,vito.dossi@hotmail.co.uk,Vito,Dossi,vito.dossi@hotmail.co.uk
3850,evan.schacht@price.com,Evan,Schacht,evan.schacht@price.com
4220,mandy.weston@free.fr,Mandy,Weston,mandy.weston@free.fr
4532,paulo.zito@nelson.biz,Paulo,Zito,paulo.zito@nelson.biz
6013,alberto.girschner@laboratorios.com,Alberto,Girschner,alberto.girschner@laboratorios.com
3396,giacomo.bouvet@gmail.com,Giacomo,Bouvet,giacomo.bouvet@gmail.com
4401,ehrentraud.puga@laboratorios.com,Ehrentraud,Puga,ehrentraud.puga@laboratorios.com
2981,cristian.hale@hotmail.co.uk,Cristian,Hale,cristian.hale@hotmail.co.uk
4467,lilija.charles@gmail.com,Lilija,Charles,lilija.charles@gmail.com
1377,albert.legendre@lee.com,Albert,Legendre,albert.legendre@lee.com
5036,marisa.renaud@smith.org,Marisa,Renaud,marisa.renaud@smith.org
5761,sharon.diallo@gmail.com,Sharon,Diallo,sharon.diallo@gmail.com
3699,eduardo.delattre@lynch.net.au,Eduardo,Delattre,eduardo.delattre@lynch.net.au
4519,bernadette.wang@gmail.com,Bernadette,Wang,bernadette.wang@gmail.com
5395,dina.gibbons@brewer.net,Dina,Gibbons,dina.gibbons@brewer.net
3057,clara.armstrong@vodafone.it,Clara,Armstrong,clara.armstrong@vodafone.it
2741,elliott.herrmann@hotmail.com.au,Elliott,Herrmann,elliott.herrmann@hotmail.com.au
1675,graziella.vidal@hotmail.com,Graziella,Vidal,graziella.vidal@hotmail.com
2712,francisca.becerra@young.com.au,Francisca,Becerra,francisca.becerra@young.com.au
4527,edeltrud.boyer@outlook.com,Edeltrud,Boyer,edeltrud.boyer@outlook.com
1722,julian.noble@hill.org.au,Julian,Noble,julian.noble@hill.org.au
4330,christophe.bohnbach@ifrance.com,Christophe,Bohnbach,christophe.bohnbach@ifrance.com
5219,ippazio.angulo@yahoo.com,Ippazio,Angulo,ippazio.angulo@yahoo.com
4997,grace.kroker@hotmail.com,Grace,Kroker,grace.kroker@hotmail.com
2239,jared.ferguson@roberts.com,Jared,Ferguson,jared.ferguson@roberts.com
4587,virginie.mclean@yahoo.com,Virginie,McLean,virginie.mclean@yahoo.com
4113,mason.potter@gmail.com,Mason,Potter,mason.potter@gmail.com
4762,aaron.anaya@hotmail.com.au,Aaron,Anaya,aaron.anaya@hotmail.com.au
5242,leah.ornelas@gmail.com,Leah,Ornelas,leah.ornelas@gmail.com
5765,harald.roy@web.de,Harald,Roy,harald.roy@web.de
2185,micaela.martel@hotmail.com,Micaela,Martel,micaela.martel@hotmail.com
5500,vincentio.sanders@voila.fr,Vincentio,Sanders,vincentio.sanders@voila.fr
3494,bettina.norbiato@allen-lutz.org,Bettina,Norbiato,bettina.norbiato@allen-lutz.org
3924,julio.renner@industrias.net,Julio,Renner,julio.renner@industrias.net
3521,jelena.stiffel@trupp.de,Jelena,Stiffel,jelena.stiffel@trupp.de
5262,guadalupe.munoz@murray-hamilton.com.au,Guadalupe,Munoz,guadalupe.munoz@murray-hamilton.com.au
3684,whitney.noack@laboratorios.org,Whitney,Noack,whitney.noack@laboratorios.org
5784,gelsomina.migliaccio@junk.com,Gelsomina,Migliaccio,gelsomina.migliaccio@junk.com
1498,evangelista.pereira@thompson-peterson.biz,Evangelista,Pereira,evangelista.pereira@thompson-peterson.biz
6073,gareth.comolli@tiscali.fr,Gareth,Comolli,gareth.comolli@tiscali.fr
4939,michelangelo.hess@bouygtel.fr,Michelangelo,Hess,michelangelo.hess@bouygtel.fr
